inchikey,smiles,pchembl_percentile_50
WUWFMDMBOJLQIV-UHFFFAOYSA-N,NC1CCN(c2nc3c(cc2F)c(=O)c(C(=O)O)cn3-c2ccc(F)cc2F)C1,1
QLNAZVUWTCIXOB-UHFFFAOYSA-N,CC1COc2c(N3CCN(C)CC3)c(F)cc3c(=O)c(C(=O)Nc4ccc(-c5n[nH]c(=S)o5)cc4)cn1c23,1
XUBOMFCQGDBHNK-UHFFFAOYSA-N,COc1c(N2CCNC(C)C2)c(F)cc2c(=O)c(C(=O)O)cn(C3CC3)c12,1
XAGMUUZPGZWTRP-ZETCQYMHSA-N,C[C@H]1COc2c(C3(N)CC3)c(F)cc3c(=O)c(C(=O)O)cn1c23,1
FABPRXSRWADJSP-MEDUHNTESA-N,COc1c(N2C[C@@H]3CCCN[C@@H]3C2)c(F)cc2c(=O)c(C(=O)O)cn(C3CC3)c12,1
NLVFBUXFDBBNBW-PBSUHMDJSA-N,NC[C@H]1O[C@H](O[C@H]2[C@H](O)[C@@H](O[C@H]3O[C@H](CO)[C@@H](O)[C@H](N)[C@H]3O)[C@H](N)C[C@@H]2N)[C@H](N)C[C@@H]1O,1
GSDSWSVVBLHKDQ-JTQLQIEISA-N,C[C@H]1COc2c(N3CCN(C)CC3)c(F)cc3c(=O)c(C(=O)O)cn1c23,1
SEUQKSILENGZBY-UHFFFAOYSA-N,N=C(N)Nc1ccc(-c2ccc(-c3ccc(NC(=N)N)cc3Cl)o2)c(Cl)c1,1
GSDSWSVVBLHKDQ-UHFFFAOYSA-N,CC1COc2c(N3CCN(C)CC3)c(F)cc3c(=O)c(C(=O)O)cn1c23,1
OGJPXUAPXNRGGI-UHFFFAOYSA-N,CCn1cc(C(=O)O)c(=O)c2cc(F)c(N3CCNCC3)cc21,1
NWIBSHFKIJFRCO-WUDYKRTCSA-N,CO[C@@]12[C@H](COC(N)=O)C3=C(C(=O)C(C)=C(N)C3=O)N1C[C@@H]1N[C@@H]12,1
PNUZDKCDAWUEGK-CYZMBNFOSA-N,N[C@@H]1CN(c2c(F)cc3c(=O)c(C(=O)O)cn([C@@H]4C[C@@H]4F)c3c2Cl)CC12CC2,1
FXQIIDINBDJDKL-SNVBAGLBSA-N,NC[C@H]1OB(O)c2c(OCCCO)cccc21,1
SPFYMRJSYKOXGV-UHFFFAOYSA-N,CCN1CCN(c2cc3c(cc2F)c(=O)c(C(=O)O)cn3C2CC2)CC1,1
PZFAZQUREQIODZ-UHFFFAOYSA-N,O=c1ccc2ncc(=O)n3c2n1CC3CN1CCC(NCc2cc3c(cn2)OCCC3)CC1,1
IVBHGBMCVLDMKU-GXNBUGAJSA-N,CCN1CCN(C(=O)N[C@@H](C(=O)N[C@@H]2C(=O)N3[C@@H]2SC(C)(C)[C@@H]3C(=O)O)c2ccccc2)C(=O)C1=O,1
LFVVNPBBFUSSHL-UHFFFAOYSA-N,CCCCC(CC)CNC(=N)NC(=N)NCCCCCCNC(=N)NC(=N)NCC(CC)CCCC,1
FHFYDNQZQSQIAI-UHFFFAOYSA-N,CCn1cc(C(=O)O)c(=O)c2cc(F)c(N3CCN(C)CC3)cc21,1
NZCRJKRKKOLAOJ-IIBMFGDOSA-N,CO[C@H]1C=CO[C@@]2(C)Oc3c(C)c(O)c4c(O)c(c5c(nc6cc(C)ccn65)c4c3C2=O)NC(=O)C(C)=CC=C[C@H](C)[C@H](O)[C@@H](C)[C@@H](O)[C@@H](C)[C@H](OC(C)=O)[C@@H]1C,1
AZFBLLCNOQPJGJ-VXTBVIBXSA-N,CO[C@H]1/C=C/O[C@@]2(C)Oc3c(C)c(O)c4c(O)c(c5c(c4c3C2=O)=NC2(CCN(CC(C)C)CC2)N=5)NC(=O)/C(C)=C\C=C\[C@H](C)[C@H](O)[C@@H](C)[C@@H](O)[C@@H](C)[C@H](OC(C)=O)[C@@H]1C,1
ZEKZLJVOYLTDKK-UHFFFAOYSA-N,CCn1cc(C(=O)O)c(=O)c2cc(F)c(N3CCNC(C)C3)c(F)c21,1
JYJTVFIEFKZWCJ-UHFFFAOYSA-N,CC1CCc2c(N3CCC(O)CC3)c(F)cc3c(=O)c(C(=O)O)cn1c23,1
LRRQWIPDTKWZCZ-UHFFFAOYSA-N,O=C(Nc1ccc(-c2n[nH]c(=S)o2)cc1)c1cn(C2CC2)c2cc(N3CCNCC3)c(F)cc2c1=O,1
GSEOCEUABOZUPC-UHFFFAOYSA-N,CCNCCOc1cccc(OCC)c1,1
TYEKMRFDECJMAW-UHFFFAOYSA-N,c1ccc2c(-n3cc(CN4CCCNCCN(Cc5cn(-c6cccc7ccccc67)nn5)CCCNCC4)nn3)cccc2c1,1
FOIRXKAFHQNPSS-UHFFFAOYSA-N,NCC(CO)Cc1ccc(Br)cc1,1
MUSHONJLGXUNQF-UHFFFAOYSA-N,C#CCN(C)c1nc(N)c(C#N)c(-c2ccccc2)c1C#N,1
ANPLORFHDCLSCW-UHFFFAOYSA-N,c1ccc(N2CCN(c3ncccn3)CC2)nc1,1
KRFPGLOJAGPDAA-UHFFFAOYSA-N,Oc1ccc2[nH]c(-c3ccccc3)nc2c1,1
TXWYZZHOYUOABX-UHFFFAOYSA-N,CC1CN(C(=O)OCc2ccccc2)OC1O,1
JISNQROLVLKLTG-UHFFFAOYSA-N,CNC(CO)c1cccc(Cl)c1Cl,1
SGJFWJKKRWKLFH-UHFFFAOYSA-N,Cn1ccc(C(=O)Nc2ccc(Br)cn2)n1,1
WDZCUPBHRAEYDL-LYDPARFQSA-N,CO[C@H]1/C=C/O[C@@]2(C)Oc3c(C)c(O)c4c(O)c(c(C=NN5CCN(C6CCCC6)CC5)c(O)c4c3C2=O)NC(=O)/C(C)=C\C=C\[C@H](C)[C@H](O)[C@@H](C)[C@@H](O)[C@@H](C)[C@H](OC(C)=O)[C@@H]1C,1
AYZGINZXVVKWKV-UHFFFAOYSA-N,CCOC(=O)C(=Cc1ccccc1)C(C)=O,1
IAAMVSFHMJGCEV-UHFFFAOYSA-N,CN(Cc1ccc(O)cc1)C(=O)c1cc(Cl)c[nH]1,1
JCZWOSCIEGKZAW-UHFFFAOYSA-N,CC1CN(S(=O)(=O)c2ccc([N+](=O)[O-])cc2)N(C(=O)OC(C)(C)C)C1O,1
QCGAHSHQTXYFSB-UHFFFAOYSA-N,O=C(Nc1ccc(N2CCNCC2)cc1)c1ccn2ncc(-c3cccc(Cl)c3)c2n1,1
FWCGMMYACNWDMM-LBPRGKRZSA-N,OC[C@@H]1CCCN1Cc1ccc(F)c2cccnc12,1
ROOFKXCTUOBUMV-UHFFFAOYSA-N,CCOc1ncc(C(=O)NCC(C)(O)C(C)C)cc1Cl,1
KZJLEQGAHHHHRU-UHFFFAOYSA-N,O=C(Nc1cc[nH]n1)c1csc(I)c1,1
KTUXFHGUHYRDNF-PXOLEDIWSA-N,CN(C)[C@@H]1C(=O)C(C(N)=O)=C(O)[C@@]2(O)C(O)=C3C(=O)c4c(O)cccc4[C@@](C)(O)[C@H]3[C@H](O)[C@@H]12,1
GLVFEUWCDWYLPK-KGLIPLIRSA-N,Cc1cc(C)c(C#N)c(N2C[C@H](C3CC3)[C@@H](N)C2)n1,1
FAMWQQFPJIMQFE-UHFFFAOYSA-N,COc1nc2n[nH]c(N)c2c(-c2ccccc2)c1C#N,1
RLINKTRQUWUNPA-UHFFFAOYSA-N,Cn1cc(NC(=O)c2cc(NC=O)cn2C)cc1C(=O)NCCC(=N)N,1
LAYZFZDNUJIZRS-INIZCTEOSA-N,CN(CCc1ccccc1)C(=O)CCNC(=O)[C@H](O)C(C)(C)CO,1
FGMXVWSNSWAWGB-UHFFFAOYSA-N,Cc1ccc(C(=O)NCc2ccnc(N(C)C)c2)s1,1
CSIBSSUCRQESFV-UHFFFAOYSA-N,Nc1n[nH]c2nc3[nH]nc(N)c3c(-c3ccccc3)c12,1
QFQIKGOEPCWUHG-UHFFFAOYSA-N,OC1(CNCc2ccc(Br)c3cccnc23)CCOC1,1
QJSNOZWMRLTLGD-UHFFFAOYSA-N,CCOC(=O)c1c(C)nc(NCCCCC2CCN(Cc3ccccc3)CC2)c(C#N)c1-c1ccccc1,1
NSYZCCDSJNWWJL-UHFFFAOYSA-N,CCOC(=O)CCC(=O)OC1C(OC2C(C)C(OC3CC(C)(OC)C(O)C(C)O3)C(C)C(=O)OC(CC)C(C)(O)C(O)C(C)C(=O)C(C)CC2(C)O)OC(C)CC1N(C)C,1
NRBGQXPNOFAEMV-UHFFFAOYSA-N,CCc1cccc2c1OCCC2N,1
NBAHQYYCUNANCX-UHFFFAOYSA-N,CCOC(=O)c1cc2cc(OCCCC3CCN(Cc4ccccc4)CC3)ccc2[nH]1,1
SGUFWGLDAAZGDE-UHFFFAOYSA-N,CC(C)CNC(=O)CSc1n[nH]c(-c2ccccn2)n1,1
KJIJJTQWPCMUNO-UHFFFAOYSA-N,O=[N+]([O-])c1ccccc1-c1ccccc1N(Cc1ccccc1)c1ccccc1,1
LDQZJEGQFOSTPU-SECBINFHSA-N,CC[C@H](CO)Nc1ccnc2cc(Br)cnc12,1
QZWFDELXQNGWCB-UHFFFAOYSA-N,C#CCNc1nc(NCCC2CCN(Cc3ccccc3)CC2)c(C#N)c(-c2ccccc2)c1C#N,1
PNTOXXYTCJYURV-UHFFFAOYSA-N,COc1cc(C2C3=C(CC(C)(C)CC3=O)Nc3ccccc3N2C(C)=O)ccc1OCc1ccccc1,1
RZDFHNXLNLTQOA-YRNVUSSQSA-N,CN(C)CCNC(=O)c1cc(NC(=O)c2cc(NC(=O)c3ccc(/C=C/c4ccc(N(C)C)cc4)nc3)cn2C)cn1C,1
PTUMKQGKMZBQBK-UHFFFAOYSA-N,CNC(=O)C1CCN(C(=O)Nc2ccc(C)c(Cl)c2)C1,1
QEXDYRFTUMHTEQ-GXDHUFHOSA-N,N#C/C(=C\c1ccc([N+](=O)[O-])cc1)C(=O)c1ccccc1,1
WKTGTHBGPXHLML-XAAIVEQSSA-N,CC(=O)O[C@H]1C[C@@]2(C)C(C[C@@H](O)C3[C@@]4(C)CC[C@@H](OC(=O)CCCCCN)[C@@H](C)C4CC[C@@]32C)/C1=C(\CCC=C(C)C)C(=O)OCc1ccccc1,1
QTJAAOWDCCXJAR-UHFFFAOYSA-N,O=C(NCCO)Nc1nc2ccccc2s1,1
LCHNQMGOJYXLSX-UHFFFAOYSA-N,Cc1ccc2c(N)noc2n1,1
TYMABNNERDVXID-LZDMXVKQSA-N,CC(=N)N1CC[C@H](SC2=C(C(=O)O)N3C(=O)[C@@H]([C@@H](C)O)[C@H]3C2)C1,1
FROXYDQDKDAPOK-UHFFFAOYSA-N,NCc1cnn(-c2cccc(Cl)c2)c1,1
DTWNSUSFVYDJPO-AWNIVKPZSA-N,Cc1ccc2nc(Cl)c(/C=N/O)cc2c1,1
ZBSHBATUOWPPNO-UHFFFAOYSA-N,CC(Sc1n[nH]c(-c2ccccn2)n1)C(=O)N(C)C,1
KMIPKYQIOVAHOP-YLGJWRNMSA-N,CO/N=C(\C(=O)N[C@@H]1C(=O)N2C(C(=O)O)=C(/C=C\c3scnc3C)CS[C@H]12)c1csc(N)n1,1
BBLOQPBDUPWSER-UHFFFAOYSA-N,CCCCCCCNC(=O)CCNC(=O)C(O)C(C)(C)CN,1
QTSWMJJVYAHWSJ-AWEZNQCLSA-N,CCCCCCCNC(=O)CCNC(=O)[C@H](O)C(C)(C)COP(=O)(O)O,1
GPRBEKHLDVQUJE-UHFFFAOYSA-N,CON=C(C(=O)NC1C(=O)N2C(C(=O)O)=C(COC(C)=O)CSC12)c1csc(N)n1,1
WSFRIARZMZWOFB-UHFFFAOYSA-N,CN(C)c1ccc(-c2[nH][nH]c(=O)c2CCN)cc1,1
QMDHUSASLCCYQV-UHFFFAOYSA-N,Cc1cc(NCCO)nc2ccccc12,1
ZQPYGPKRILTQBG-UHFFFAOYSA-N,Cc1ccc(CN(c2ccc(F)c(F)c2)S(=O)(=O)c2cccn3cnnc23)cc1,1
WLUUABHAPBTROY-UHFFFAOYSA-N,COc1ccc(C(=N)Nc2cc(C(=O)Nc3cc(C(=O)NCCN4CCOCC4)n(CCCc4cn(CCc5ccccc5)nn4)c3)n(C)c2)cc1,1
UDYOZVAPVVBKKD-UHFFFAOYSA-N,OCCNCCNCc1ccc(-c2ccccc2Cl)o1,1
BLCIGXVZWZKPOP-UHFFFAOYSA-N,O=S1(=O)CCC(CNc2ccnc3ccc(Cl)cc23)C1,1
JIHVXAPKKMMRTK-UHFFFAOYSA-N,C#CCN(C)Cc1cc2cc(OCCCC3CCN(Cc4ccccc4)CC3)ccc2[nH]1,1
UDEABYMQGYAVEU-UHFFFAOYSA-N,CC(C)c1ccoc1C(=O)N(C)c1cc(C#N)ccn1,1
IMMIFASXMYFHOC-UHFFFAOYSA-N,CN(C)CCCNC(=O)c1cc(NC(=O)c2cc(NC(=O)c3cc(NC(=N)c4cc5ccccc5cn4)cn3C)cn2C)cn1C,1
MJMZGSGVHXYRAX-UKTHLTGXSA-N,Cn1cc(NC(=O)c2cc(NC(=O)c3ccc(/C=C/c4ccc5ccccc5n4)cc3)cn2C)cc1C(=O)NCCN1CCOCC1,1
DLWLTTMLXUEPPR-UHFFFAOYSA-N,NCCNS(=O)(=O)c1ccc(-c2ccccc2)cc1,1
BUFDQCGCADQQQY-UHFFFAOYSA-N,Nc1nc(N)c2c(Sc3ccccc3)cccc2n1,1
NZUSPSJNMJQPFS-ZHACJKMWSA-N,Cn1cc(NC(=O)c2ccc(/C=C/c3ccncc3)cc2)cc1C(=O)Nc1cc(C(=O)NCCN2CCOCC2)n(CCCN2CCN(Cc3cccc4ccccc34)CC2)c1,1
XDUWMXVYYFPIMG-UHFFFAOYSA-N,COc1ccc(C(=N)Nc2cc(C(=O)Nc3nc(C(=O)NCCN4CCOCC4)c(CCc4ccccc4)s3)n(C)c2)cc1,1
ZNKVPKLUGFLWBP-UHFFFAOYSA-N,CCn1cc(C(=O)Nc2ccc(Br)cn2)cn1,1
NDEZDGLHPZJMAT-UHFFFAOYSA-N,CS(=O)(=O)N1CCSc2ccc(Cl)cc21,1
IOYQGXYNQRRATP-UHFFFAOYSA-N,O=C1NC(Cc2ccccc2)C(=O)Nc2ccccc21,1
RIAQKEGQQXNHCU-UHFFFAOYSA-N,Cn1ncnc1NC(=O)c1ccc(C#N)cc1,1
TZVPHEKAVUIROV-UHFFFAOYSA-N,COC(=O)Nc1nc2c(C)cccc2[nH]1,1
DVZCYQIHHUYBPF-UHFFFAOYSA-N,Cn1c([N+](=O)[O-])cnc1C(=O)OC1CCCCC1,1
SYCGKWTWBBZPJX-UHFFFAOYSA-N,CC(C)(C)OC(=O)n1c(COC(=O)NC2CCN(Cc3ccccc3)CC2)cc2cc(OCc3ccccc3)ccc21,1
JHWQRWIWEIUTPK-UHFFFAOYSA-N,NCC(=O)N1CCCC(CCc2ccc(F)cc2)C1,1
RABXUTUHXGTCQM-UHFFFAOYSA-N,CCCNc1ccc(S(=O)(=O)Nc2cc(C)on2)cc1,1
AKEXDQJHGGQFRI-SNAWJCMRSA-N,CC(=O)/C=C/c1ccc(C(=O)Nc2cc(C(=O)Nc3cc(C(=O)NCCN4CCOCC4)n(C)c3)n(C)c2)cc1,1
TVMJTOKZNPCXOO-UHFFFAOYSA-N,O=C1c2cccc3cccc(c23)C(=O)N1CC1CO1,1
WVAUDGMUMGIWHL-UHFFFAOYSA-N,CC(=O)Nc1ccc(-c2ccc(C#N)nc2)cc1,1
AWWRBBQOTUJTGL-UHFFFAOYSA-N,NCCS(=O)(=O)N1CCCc2ccccc21,1
ZIWIZUNXJJKHPT-UHFFFAOYSA-N,OC1(Cn2ccnn2)CCCNC1,1
NGYNBSHYFOFVLS-LBPRGKRZSA-N,Cc1c(F)cccc1NC(=O)Nc1ccc(Cl)c(S(=O)(=O)[C@H]2CCCNC2)c1O,1
DPJRLJIKZNLVPF-UHFFFAOYSA-N,CNC(=O)CCCNC(=O)Nc1nc2ccccc2s1,1
CXWPIZCABBOWEA-MDZDMXLPSA-N,CN(C)CCNC(=O)c1cc(NC(=O)c2cc(NC(=O)c3ccc(/C=C/c4cnc5ccccc5c4)cc3)cn2C)cn1C,1
KTKBIMIFPLQSKJ-DTQAZKPQSA-N,Cn1cc(NC(=O)c2cc(NC(=O)c3ccc(/C=C/c4cc5ccccc5nc4On4nnc5ccccc54)cc3)cn2C)cc1C(=O)NCCN1CCOCC1,1
RWYXJYFXNRGLTG-UHFFFAOYSA-N,C#CCN(C)c1nc(NCCCCC2CCN(Cc3ccccc3)CC2)c(C#N)c(-c2ccccc2)c1C#N,1
NDBODIYIRMJUHI-ZHACJKMWSA-N,COc1cccc(/C=C/c2ccc(C(=O)Nc3cc(C(=O)Nc4cc(C(=O)NCCCN(C)C)n(C)c4)n(C)c3)cc2)c1,1
WJQBOBGVBBZLJU-UHFFFAOYSA-N,O=C(NC1CCCc2c1[nH]c1ccc(Cl)cc21)c1ccccn1,1
MHFUESOIBOIIMJ-KZUDCZAMSA-N,CCCCCCCNC(=O)C(C)CNC(=O)[C@H](O)C(C)(C)CO,1
NWXQDAAJEGSSMH-HKCQOBDTSA-P,CCN1C(=O)c2cccc3c(-c4c[n+](CCN5CCCNCCN(CC[n+]6cc(COc7ccc8c(c7)CC[C@@H]7[C@@H]8CC[C@]8(C)C(=O)CC[C@@H]78)[nH]n6)CCCNCC5)n[nH]4)ccc(c23)C1=O,1
GGQFBISGRNGIAB-UFHHBJNDSA-N,CC(=O)O[C@H]1C[C@@]2(C)C(C[C@@H](O)C3[C@@]4(C)CC[C@@H](O)[C@@H](C)C4CC[C@@]32C)/C1=C(\CCC=C(C)C)C(=O)O/C(=N/C1CCCCC1)NC1CCCCC1,1
AIHOQFFRTZKUNW-UHFFFAOYSA-N,N=C(N)c1ccc(COc2ccc(Cl)cc2)cc1,1
CNSGVYXUOPGWJW-UHFFFAOYSA-O,NCCCc1ccccc1C(=O)Nc1ncc([N+](=O)O)s1,1
RQNDAOUESFJLAH-WEVVVXLNSA-N,CN(C)c1ccc(/C=C/c2ccc(C(=O)Nc3cc(C(=O)Nc4cc(C(=O)NCCN5CCOCC5)n(C)c4)n(C)c3)cn2)cc1,1
SYEMRPJQRKPDRC-UHFFFAOYSA-N,CC(C)CCc1sc(NC(=O)c2cc(NC(=O)c3cc(NC(=N)c4cnc5ccccc5c4)cn3C)cn2C)nc1C(=O)NCCCN(C)C,1
KXXKCTCCCGUWRW-UHFFFAOYSA-N,COc1cccc(-c2ncc(CN)s2)c1,1
HOYOJUMMRGKESB-UHFFFAOYSA-N,O=C(Nc1cccc(C2=NCCN2)c1)c1ccc(-c2ccc(C(=O)Nc3cccc(C4=NCCN4)c3)cc2)cc1,1
CTTOCYGVHYNNLR-UHFFFAOYSA-N,Cc1cc(C(=O)Nc2ccc3c(c2)CCN3)n(C)n1,1
CQPWSNARIKQZGP-UHFFFAOYSA-N,CN(C(=O)CN)c1ccc(-c2ccccc2)cc1,1
XNEVGKXHPVVIFS-WUKNDPDISA-N,COc1cccc(/C=C/c2ccc(C(=O)Nc3cc(C(=O)Nc4cc(C(=O)NCCN5CCCCC5)n(CCCc5ccccc5)c4)n(C)c3)cc2)c1,1
LYQKSVNIFXNQRK-CMDGGOBGSA-N,COc1cccc(/C=C/c2ccc(C(=O)Nc3cc(C(=O)Nc4cc(C(=O)NCCN5CCOCC5)n(C(C)C)c4)n(C)c3)cc2)c1,1
OJQYNYHDQTVBIG-UHFFFAOYSA-N,CCCSc1ccc(NC(=O)NCCN)cc1,1
ZKYJOODGENHSJE-UHFFFAOYSA-N,OCC(O)CNc1ccnc2ccc(Br)cc12,1
VWEWOPLKAMEVPD-UHFFFAOYSA-N,CN1CCCC1CCSc1nc(N)c(C#N)cc1C#N,1
QHOUDEZPFKDYIG-YGRULFCMSA-N,CO[C@H]1/C=C/O[C@@]2(C)Oc3c(C)c(O)c4c(O)c(/c(=C/NN5CCN(C)CC5)c(O)c4c3C2=O)=N\C(=O)/C(C)=C\C=C/[C@H](C)[C@H](O)[C@@H](C)[C@@H](O)[C@@H](C)[C@H](OC(C)=O)[C@@H]1C,1
FPKJWGOPIXRKGQ-UHFFFAOYSA-N,CCS(=O)(=O)NCC(N)c1ccc(C(C)C)cc1,1
LOCQFEWFQVYBIO-UHFFFAOYSA-N,NCC(=O)N1CCCC(CCc2ccc(F)c(F)c2)C1,1
VXGHBHACDKULBP-MDZDMXLPSA-N,Cn1cc(NC(=O)c2cc(NC(=O)c3ccc(/C=C/c4cnc5ccccc5c4)cc3)cn2C)cc1C(=O)NCCN1CCCC1=O,1
URSSMNHHNDAWPZ-UHFFFAOYSA-N,Cc1ccncc1NC1CS(=O)(=O)c2ccccc21,1
PCEIPYSAQGKXOH-UHFFFAOYSA-N,O=C(CSCCO)Nc1ncc(-c2ccccc2)s1,1
SPLIVFYNGMDOBZ-UHFFFAOYSA-N,Cn1c(CN)nc2cc(Cl)ccc21,1
BBINOFJSCCYXHS-UHFFFAOYSA-N,CC1CC(=O)Nc2c1c(Br)nc1nc3c(c(N)c21)CCCC3,1
DHLYGGUMBUHVOV-YVLHZVERSA-N,CCCCCOc1ccc(/C=C2\Oc3c(ccc(O)c3O)C2=O)c(O)c1,1
WWGNFFKUDYHIOT-UHFFFAOYSA-N,OCCCN(CCO)Cc1c(Cl)ccc2cccnc12,1
SPJKLARRCSNCHH-UHFFFAOYSA-N,CC(CO)NC(=O)Nc1nc(-c2ccccc2)ns1,1
FJHBXXSVOVHAEM-UHFFFAOYSA-N,NCC1CCN(CCc2ccccc2)C1,1
DBNZTRPIBJSUIX-WAYWQWQTSA-N,CC(C)Oc1ccc(-n2cnc3cc(/C=C\c4ccc(C(C)(C)O)cc4)ccc32)cc1,1
LMMXSJRDAHTABJ-UHFFFAOYSA-N,CC(C)CCc1sc(NC(=O)c2cc(NC(=O)c3cc4ccccc4cn3)cn2C)nc1C(=O)NCCCN(C)C,1
CLSISZBGFWWTKT-UHFFFAOYSA-N,O=C(NCCN1CCCCC1)c1cccc(C(F)(F)F)c1,1
FDZFXPVRQUEROB-UHFFFAOYSA-N,CC(C)CCn1cc(NC(=O)c2cc(NC(=O)c3cc(NC(=N)N)cn3C)cn2C)cc1C(=O)NCCCN(C)C,1
HUZOJBWWYRXCAG-WUJWULDRSA-N,CCCCCCCNC(=O)CC(C)NC(=O)[C@H](O)C(C)(C)CO,1
LHKLXHLLWWQIHU-WEVVVXLNSA-N,COCCOC1CCN(CCNC(=O)c2cc(NC(=O)c3cc(NC(=O)c4ccc(/C=C/c5ccc(OC)cc5)nc4)cn3C)cn2C)CC1,1
ULVYGDLHGGSJBE-UHFFFAOYSA-N,OCc1ccncc1NCc1coc2ccccc12,1
NAIHKKVDSVQNJL-UHFFFAOYSA-N,Cn1cc(NC(=O)c2cc(NC(=O)c3ccccc3)cn2C)cc1C(=O)NCCC(=N)N,1
SLJARGGQANGENI-UHFFFAOYSA-N,COc1c(C(=O)N2CCOCC2)sc2ccc(F)cc12,1
DEVSOMFAQLZNKR-DAFODLJHSA-N,O=C(/C=C/n1cnc(-c2cc(C(F)(F)F)cc(C(F)(F)F)c2)n1)NNc1cnccn1,1
KRJLIXNOMLYHGM-UHFFFAOYSA-N,CC(C)n1cc(NC(=O)c2cc(NC(=O)c3cc4ccccc4oc3=O)cn2C)cc1C(=O)Nc1cc(C(=O)NCCCN(C)C)n(C)c1,1
GYYGASNWBGGGJX-UHFFFAOYSA-N,COCC(O)CNc1c(C)c(C)nc2ccccc12,1
GYVUGWTVTJMFLI-UHFFFAOYSA-N,c1ccc(Nc2nccs2)nc1,1
RBFONXFPXSZWOK-UHFFFAOYSA-N,C#CCNc1nc(NCCCC2CCN(Cc3ccccc3)CC2)c(C#N)c(-c2ccccc2)c1C#N,1
YMTPCEDQQBSKGJ-UHFFFAOYSA-N,CN1CCCN(c2nc3ccccc3cc2CO)CC1,1
IUURQKKJXLJMPR-UHFFFAOYSA-N,NC1CSCc2c(F)cccc21,1
GDVBJOIZLSFPKV-UHFFFAOYSA-N,CC(C)(C)c1ccc(C(=O)NC(=O)N2CCCc3ccccc32)cc1,1
KCUPNJVFRBGYFW-UHFFFAOYSA-N,O=C(Nc1[nH]c(=O)ncc1F)c1ccccc1,1
KYZIUIXHMHLEPY-UHFFFAOYSA-N,COc1ccc(OC)c2nc(Cl)c(C=O)cc12,1
NEBTWCBQVJCEKN-BQYQJAHWSA-N,Cn1cc(NC(=O)c2ccc(/C=C/c3cnc4ccccc4c3)cc2)cc1C(=O)Nc1cc(C(=O)NCCN2CCOCC2)n(CCCN=[N+]=[N-])c1,1
GTMUEWKJZBNQFD-LFYQSXPISA-N,C[C@]12CC[C@@H](O1)[C@H]1C=C[C@H](OC(=O)c3ccccc3)[C@H]12,1
NPZPGTSNVCBMIM-UHFFFAOYSA-N,c1cn2c(n1)COCC2,1
RPCQHQZNPFUVHR-SSDOTTSWSA-N,C[C@@H](N)C(=O)NCc1cc2cc(Cl)ccc2[nH]1,1
DXBTWRBWFFGQFC-BUHFOSPRSA-N,Cn1cc(NC(=O)c2ccc(/C=C/c3cnc4ccccc4c3)cc2)cc1C(=O)Nc1cc(C(=O)NCCN2CCOCC2)n(CCCc2ccccc2)c1,1
XNXWXGFHUPIXNF-UHFFFAOYSA-N,CC(CN)N(C)C(=O)Cc1cccc2ccccc12,1
MAJPEOBJMWLNPB-CMDGGOBGSA-N,CC(C)n1cc(NC(=O)c2cc(NC(=O)c3ccc(/C=C/c4cnc5ccccc5c4)cc3)cn2C)cc1C(=O)NCCN1CCOCC1,1
RFJSAMNJQKCLDS-UHFFFAOYSA-N,CC(C)CCc1sc(NC(=O)c2cc(NC(=O)c3cc(NC(=N)c4ccccc4)cn3C)cn2C)nc1C(=O)NCCCN(C)C,1
RDKBQXPBHLCILS-HWPZZCPQSA-N,C[C@@H](O)[C@H](N)C(=O)NS(=O)(=O)c1cccc(-c2ccc3[nH]ncc3c2)c1,1
MYXSCEYQVCMZBL-UHFFFAOYSA-N,CC(=N)Nc1cc(C(=O)Nc2cc(C(=O)Nc3cc(C(=O)NCCCN(C)C)n(C)c3)n(C)c2)n(C)c1,1
CYJLUUZFZMOIHE-UHFFFAOYSA-N,CC(C)CCn1cc(NC(=O)c2cc(NC(=O)c3cc(NC(=N)c4cnc5ccccc5c4)cn3C)cn2C)cc1C(=O)NCCCN(C)C,1
ZQHSYDVYWMBVNR-XBXARRHUSA-N,COc1ccc(/C=C/c2ccc(C(=O)Nc3cc(C(=O)Nc4cc(C(=O)NCCN5CCOCC5)n(C)c4)n(C)c3)cn2)cc1,1
AAJJUKFANSGINO-UHFFFAOYSA-N,CC1CN(S(=O)(=O)c2ccc([N+](=O)[O-])cc2)N(C(=O)OC(C)(C)C)C1=O,1
YKEPKFWKYHJUNN-UHFFFAOYSA-N,COc1ccc2[nH]c3nc4c(c(N)c3c2c1)CCCC4,1
NQZSBGVXMGEZGU-UHFFFAOYSA-N,COC(=O)CCC(=O)Nc1cc(C(=O)Nc2cc(C(=O)Nc3nc(C(=O)NCCCN(C)C)c(CCC(C)C)s3)n(C)c2)n(C)c1,1
BAEXZLRZJRUEAE-UDWIEESQSA-N,Cc1ccc2nc(Cl)c(/C=N/Cc3ccccc3)cc2c1,1
RYUHYOLRLQUVHQ-UHFFFAOYSA-N,CCOC(=O)C1=C(C)Nc2nc3c(c(N)c2C1c1ccccc1OC)CCCC3,1
ZXVZOWGANBJPQX-CMDGGOBGSA-N,COCCOC1CCN(CCNC(=O)c2cc(NC(=O)c3cc(NC(=O)c4ccc(/C=C/c5cnc6ccccc6c5)cc4)cn3C)cn2C)CC1,1
SLOYNTIUJZDARU-UHFFFAOYSA-N,O=C(NCc1cccs1)c1cnsn1,1
DCBBKYUJVVJJAY-UHFFFAOYSA-N,COc1ccc(OC)c(NC(=O)c2ccccn2)c1,1
AKLQNDHZUGCLLD-UHFFFAOYSA-N,Cc1cscc1C(=O)Nc1ncnn1C,1
GUOOYCBAHCJLRE-UHFFFAOYSA-N,COc1nc(Cl)c(C#N)cc1C#N,1
RKNUHSQDRNLCAB-UHFFFAOYSA-N,CN(Cc1ccccc1)C(=O)c1ncc([N+](=O)[O-])n1C,1
BDIKNOIUVJVFSM-UHFFFAOYSA-N,CCCCCCCC1CN(C(=O)OCc2ccccc2)OC1O,1
YBEGPWRIRWODOS-UHFFFAOYSA-N,CN(C)C(=O)CNC(=O)NCc1cc(F)ccc1Br,1
ULWHVOKZNXGENO-UHFFFAOYSA-N,NCCNS(=O)(=O)c1ccc(F)c(C(F)(F)F)c1,1
OLHSYGNZGAWTPA-ONEGZZNKSA-N,Cn1cc(NC(=O)c2ccc(/C=C/c3ccncc3)cc2)cc1C(=O)Nc1cc(C(=O)NCCN2CCOCC2)n(CCCCl)c1,1
ROSNVSQTEGHUKU-UHFFFAOYSA-N,O=C(NO)C1(CS(=O)(=O)c2ccc(Oc3ccc(Cl)cc3)cc2)CCOCC1,1
BNZXYKLBWJQVLH-UHFFFAOYSA-N,O=C(NC(=O)N1CCCc2ccccc21)c1ccc(Cl)cc1Cl,1
QVEHDKFBFDUCEZ-UHFFFAOYSA-N,CCCn1c(=O)c2c(nc(Cc3ccccc3)n2CCN(CC)CCO)n(CCc2ccc(N)cc2)c1=O,1
VLXIHKQJPCMDML-UHFFFAOYSA-N,O=C(NCCO)Nc1cc(F)ccc1N1CCCCC1,1
UEAGHMOXBBHJDH-GFCCVEGCSA-N,N#Cc1cc(N2CCC[C@@H]2CO)nc2ccccc12,1
FTSCEGKYKXESFF-XGUBFFRZSA-N,CCCCCCCCCN1C[C@@H](O)[C@H](O)[C@@H](O)[C@@H]1CO,1
ACGMQPXRVMJTKD-UHFFFAOYSA-N,N#CC1=C(N)Oc2c(ccc3ccccc23)C1c1ccc([N+](=O)[O-])cc1,1
HYUDDHSPJFCULQ-UHFFFAOYSA-N,Nc1nc(-c2ccccc2)nc2[nH]nc(Nc3ccc(C(F)(F)F)cc3)c12,1
BIKSKRPHKQWJCW-UHFFFAOYSA-N,O=C1NC(=O)C(Br)=C1Br,1
QZWNXXINFABALM-UHFFFAOYSA-N,NC1C2CC3CC(C2)CC1C3,1
AEUTYOVWOVBAKS-UWVGGRQHSA-N,CC[C@@H](CO)NCCN[C@@H](CC)CO,1
RXLQTVLBAUBLET-UHFFFAOYSA-N,NCc1cccc(-c2ccccn2)n1,1
FGYIUWXDEDSRJR-UHFFFAOYSA-N,C#CCN(C)Cc1cc2cc(OCCCCC3CCN(Cc4ccccc4)CC3)ccc2n1C,1
NPYIWURMWFJJEY-SNAWJCMRSA-N,COCCOC1CCN(CCNC(=O)c2cc(NC(=O)c3cc(NC(=O)c4ccc(/C=C/c5ccc6nonc6c5)cc4)cn3C)cn2C)CC1,1
DQEUKKDHXQONBX-UHFFFAOYSA-N,C#CCN(C)c1nc(NCCCC2CCN(Cc3ccccc3)CC2)c(C#N)c(-c2ccccc2)c1C#N,1
SLHXGONBAPXSLS-MARXPDLDSA-N,CCCCCCCNC(=O)/C=C/NC(=O)[C@H](O)C(C)(C)CO,1
DJKPWAPLXOMDIY-XBXARRHUSA-N,COc1ccc(/C=C/c2ccc(C(=O)Nc3cc(C(=O)Nc4cc(C(=O)NCCN5CCC(O)CC5)n(C)c4)n(C)c3)cn2)cc1,1
LIODKVICIZMYRQ-UHFFFAOYSA-N,N#Cc1ncn(CC(=O)c2ccc3c(c2)CCO3)n1,1
ZTEADXOIFDFUCY-UHFFFAOYSA-N,COc1ccc(C2NC(=O)c3cccnc3N2)cc1F,1
HPJVWFQCXLNZQY-ONEGZZNKSA-N,Cn1cc(NC(=O)c2cc(NC(=O)c3ccc(/C=C/c4ccc(C(F)(F)F)cc4)cc3)cn2C)cc1C(=O)NCCN1CCOCC1,1
MMJYZEXZZRKQPY-CHWSQXEVSA-N,CC(C)CCC(=O)N[C@@H]1CN(C)C[C@H]1CN(C)C,1
ZXLDMSDMCGEDNJ-UHFFFAOYSA-N,Clc1cccnc1N1CCC(Nc2cccnc2)CC1,1
MNVRPODOQSOTBT-UHFFFAOYSA-N,O=C(c1c(O)cccc1F)N1CCc2cnccc21,1
JLZFFGQMBGUYAK-UHFFFAOYSA-N,Cc1ccc(C(=O)N2CCN(c3nccs3)CC2)o1,1
NZUSKRRKHSRGRZ-UHFFFAOYSA-N,O=C(OCc1ccccc1)N1CC(Cc2ccccc2)C(O)O1,1
XXAANFSRVZDMNY-WEVVVXLNSA-N,COCCOC1CCN(C(=O)c2cc(NC(=O)c3cc(NC(=O)c4ccc(/C=C/c5ccc(OC)cc5)nc4)cn3C)cn2C)CC1,1
SZVUHBSWILSQID-VOTSOKGWSA-N,Cn1cc(NC(=O)c2ccc(/C=C/c3cnc4ccccc4c3)cc2)cc1C(=O)NCCN1CCOCC1,1
XSBYYLKFVJMUOQ-UHFFFAOYSA-N,Nc1cnccc1N1CCCCC1,1
HHCIGERYCJXKQX-UHFFFAOYSA-N,CNc1nc(=O)[nH]cc1F,1
RUJXIYLYASMXCR-UHFFFAOYSA-N,Cc1cc(NC(C)CO)nc2ccccc12,1
VREWRPNPJYOFRU-UHFFFAOYSA-N,Nc1c2c(nc3[nH]c4ccccc4c13)CCCC2,1
RHNGNXMUGDGSKX-UHFFFAOYSA-N,CCc1cccc(S(=O)(=O)N2CCC(NC)C2)c1,1
YXHYDOJGRZNJDY-XBXARRHUSA-N,COc1ccc(/C=C/c2ccc(C(=O)Nc3cc(C(=O)Nc4cc(C(=O)NCCC(=N)N)n(C)c4)n(C)c3)cn2)cc1,1
MPTJIDOGFUQSQH-UHFFFAOYSA-N,Clc1cc(Cl)c2c(c1)CCc1ccccc1C2n1ccnc1,1
VIJOQUBTZLXSIM-UHFFFAOYSA-N,Cc1ccc(C2(O)CCNC2)cc1,1
HOORFANOBYQLOU-UHFFFAOYSA-N,Cc1cccc(NC(=O)Cn2nc3c(Sc4ccc(C)cc4C)nccn3c2=O)c1,1
XQVXHPHJLHMRTK-GHRIWEEISA-N,COc1ccc(/C=C/c2ccc(C(=O)Nc3cc(C(=O)Nc4cc(C(=O)NCCN5CCCCC5)n(CCCc5ccccc5)c4)n(C)c3)cn2)cc1,1
BYCOSSYLDOXDNE-UHFFFAOYSA-N,FC(F)Oc1cccc(N2CCNCC2)c1,1
KYUFJUMCBQKNRI-UHFFFAOYSA-N,Cc1cccc(C(=O)Nc2ncc(C)s2)n1,1
LVWYYMVLJDHFER-UHFFFAOYSA-N,CC(C)(N)CN1CCN(c2cccc(Cl)c2)CC1,1
VXQNZOAYORCEEM-UHFFFAOYSA-N,NCc1cnn(-c2ccc(Cl)cc2)c1,1
NJUNLWHKWVVIME-UHFFFAOYSA-N,COc1ccc(-c2ccnc(CO)c2)c(OC)c1,1
ZAZFKMHDLDNTQZ-UHFFFAOYSA-N,CNC(=O)Cn1cc(-c2cccc3cnccc23)cn1,1
XFKFVJPWZGYMSM-UHFFFAOYSA-N,OCCNCCNCc1ccc(-c2cccc(Cl)c2)o1,1
YIJXRKZCWMHMJJ-UHFFFAOYSA-N,CC(=O)c1ccc(NC(=O)CCc2cccs2)nc1,1
UMRYEROXGGYCBP-UHFFFAOYSA-N,NCC1CCN(Cc2cccc(F)c2)CC1,1
HIAQEQTVGOIVIG-BQYQJAHWSA-N,COc1cccc(/C=C/c2ccc(C(=O)Nc3cc(C(=O)Nc4cc(C(=O)NCCN5CCOCC5)n(C)c4)n(C)c3)cc2)c1,1
KAVPIBIGUJJNNJ-UHFFFAOYSA-N,Cn1ccnc1C1c2c(nc3c(c2N)CCCCC3)Oc2ccc3ccccc3c21,1
MLYYVTUWGNIJIB-UHFFFAOYSA-N,Cc1nnc(SCC2=C(C(=O)O)N3C(=O)C(NC(=O)Cn4cnnn4)C3SC2)s1,1
FDQLWQZERZVVMI-UHFFFAOYSA-N,CC(C)c1sc(NC(=O)c2cc(NC(=O)c3cc(NC(=O)c4cc5ccccc5cn4)cn3C)cn2C)nc1C(=O)NCCN1CCOCC1,1
LZPGGHKJSQSUDE-UQCOIBPSSA-N,O=C1NC(=S)N/C1=C\c1cc(Br)cc(Br)c1O,1
YSDVNFWVVPHGFX-UHFFFAOYSA-N,CCc1ccc(C2CC(C(F)(F)F)n3ncc(C(=O)NCc4ccc(OC)cc4)c3N2)cc1,1
QMUAGNVNYGXEMU-UHFFFAOYSA-N,OCC1(O)CCCN(c2ccnc3ccc(Cl)cc23)C1,1
HXGMNEDRKJRKSV-UHFFFAOYSA-N,CC1=C(C(=O)OC(C)(C)C)C(c2ccccc2)C(C#N)=C(N)O1,1
ZCBZTVZNVHVOIZ-UHFFFAOYSA-N,Cn1cc(NC(=O)c2cc(NC(=N)c3cnc4ccccc4c3)cn2C)cc1C(=O)NCCC(=N)N,1
HKVAMNSJSFKALM-PYJGUTGCSA-N,COC1CC2CCC(C)C(O)(O2)C(=O)C(=O)N2CCCCC2C(=O)OC(C(C)CC2CCC(OCCO)C(OC)C2)CC(=O)C(C)/C=C(\C)C(O)C(OC)C(=O)C(C)CC(C)/C=C/C=C/C=C/1C,1
SJIXMBBQRZPUMK-UHFFFAOYSA-N,Ic1nnnn1-c1ccccc1,1
PVKGXEHPSIUWKP-UHFFFAOYSA-N,CN(C)C(=O)CCNc1ccnc2ccc(Cl)cc12,1
PQQXXCIEHLMQIP-UXBLZVDNSA-N,COC1CCN(CCNC(=O)c2cc(NC(=O)c3cc(NC(=O)c4ccc(/C=C/c5ccc(N(C)C)cc5)nc4)cn3C)cn2C)CC1,1
AXMRQBXHEKJPBS-VAWYXSNFSA-N,Cn1cc(NC(=O)c2ccc(/C=C/c3cnc4ccccc4c3)cc2)cc1C(=O)Nc1nc(C(=O)NCCN2CCOCC2)c(CCc2ccccc2)s1,1
FDUHUAOVUUJXMZ-UHFFFAOYSA-N,N=C(N)Nc1ccc(-c2ccc(-c3ccc(N=C(N)N)c(Cl)c3)o2)cc1Cl,1
BTTNOGHPGJANSW-UHFFFAOYSA-N,CC(=O)NCC1CN(c2ccc(-c3ccc(CNCc4cn[nH]n4)cc3)c(F)c2)C(=O)O1,1
ZOYQUKWKOQXHGJ-UHFFFAOYSA-N,COc1ccc(CNCCCSc2nnnn2C)cc1,1
OATRODNOJKRHHO-UHFFFAOYSA-N,Cc1cccc(S(=O)(=O)NC2CCNC2)c1Cl,1
IPSYPUKKXMNCNQ-PLKHDWLOSA-N,CNC(=O)C1O[C@@H](n2cnc3c(NCc4cccc(I)c4)nc(Cl)nc32)[C@H](O)[C@@H]1O,1
XVWJNCXBTLEMBD-UHFFFAOYSA-N,N#CC(c1ccc(Br)cc1)N1CCNCC1,1
UQMJZLGIKHAOQZ-UHFFFAOYSA-N,N#CC(C#N)=Cc1cccc([N+](=O)[O-])c1,1
JXUAEPSSZKVZGY-UHFFFAOYSA-N,NC(=O)CSc1nc(-c2ccc(Br)cc2)c[nH]1,1
IVLGEHYEFXRLHL-UHFFFAOYSA-N,O=C(Nc1ccc(Cl)c(C(F)(F)F)c1)C(CCCl)C(=O)Nc1ccc(Cl)c(C(F)(F)F)c1,1
AXONXZBUCVBNLR-UHFFFAOYSA-N,Nc1c2c(nc3c1CC(c1ccccc1)C(=O)N3)CCCC2,1
HBUBKKRHXORPQB-GIMIYPNGSA-N,Nc1nc(F)nc2c1ncn2[C@H]1O[C@@H](CO)[C@H](O)[C@@H]1O,1
DHSUYTOATWAVLW-RXOUDOFYSA-N,CC1(C)C[C@H]1C(=O)N/C(=C\CCCCSC[C@@H](N)C(=O)O)C(=O)O,1
FMZJCROFTBYWIB-BQYQJAHWSA-N,Cn1cc(NC(=O)c2cc(NC(=O)c3ccc(/C=C/c4cnc5ccccc5c4)cc3)cn2C)cc1C(=O)NCCC(=N)N,1
HAGVXWJIONTPMN-UHFFFAOYSA-N,CC1COC2(CCN(C(=O)c3ccc(Cl)s3)CC2)O1,1
RYNWSUVHVSKXTC-UHFFFAOYSA-N,NCCNC(=O)c1ccc(-c2ccc(Cl)cc2)s1,1
XPAMOMHSMMPECG-UHFFFAOYSA-N,O=C(CI)NCc1ccccc1,1
RNRTXDQLRRSXNM-UHFFFAOYSA-N,OB1OCc2c1ccc(Cl)c2F,1
LKHSCDQAYWZGAB-ONEGZZNKSA-N,Cn1cc(NC(=O)c2cc(NC(=O)c3ccc(/C=C/c4ccc5nonc5c4)cc3)cn2C)cc1C(=O)NCCN1CCOCC1,1
HZYZQNDFEKPLTI-UHFFFAOYSA-N,Cc1cccc(NC(C)c2ccc(S(N)(=O)=O)cc2)n1,1
LZRXPKDKRFTIGM-UHFFFAOYSA-N,CCc1nc(N)nc(N)c1C#CCc1ccccc1,1
IZSZFTJASWJGTQ-CMDGGOBGSA-N,COC1CCN(CCNC(=O)c2cc(NC(=O)c3cc(NC(=O)c4ccc(/C=C/c5cnc6ccccc6c5)cc4)cn3C)cn2C)CC1,1
RBILQKHLZVEMQD-UHFFFAOYSA-N,CCCOc1ccc(CN)cc1,1
LMNMIPWPYSRZAR-BQYQJAHWSA-N,COc1cccc(/C=C/c2ccc(C(=O)Nc3cc(C(=O)Nc4cc(C(=O)NCCC(=N)N)n(C)c4)n(C)c3)cc2)c1,1
XPHDEHGEYDSHQE-UHFFFAOYSA-N,Cc1cc(NS(=O)(=O)c2ccc(-c3ccc(F)cc3F)cc2)no1,1
GAPHYYJDKXWROI-UHFFFAOYSA-N,CCOc1cc(Cl)ccc1CN,1
NHUHCSRWZMLRLA-UHFFFAOYSA-N,Cc1noc(NS(=O)(=O)c2ccc(N)cc2)c1C,1
SOJLXULLEIOWOO-UHFFFAOYSA-N,COc1cc(F)cc(NCC(=O)NCc2ccco2)c1,1
RVBSHRUYJYRNJW-MDZDMXLPSA-N,Cc1c(CN(C)C(=O)/C=C/c2cnc3c(c2)C(C)(C)C(=O)N3)oc2ccccc12,1
UXRCYXCMYBWFQR-UHFFFAOYSA-N,CC(C)CCc1sc(NC(=O)c2cc(NC(=O)c3cc(NC(=N)N)cn3C)cn2C)nc1C(=O)NCCCN(C)C,1
GDSGTEDLYAEVOE-UHFFFAOYSA-N,CCC(C)(C)NC(=O)c1nnn(-c2ccccc2)c1C,1
XCZMUTGHJBFKPM-UHFFFAOYSA-N,Cc1nc2ccc(Oc3ccccc3)cc2c2c1CCN2CCc1ccccc1,1
OLRZVFFCBMLQQX-UHFFFAOYSA-N,C1CCC(C2CCNCC2)OC1,1
KOBCKAMPCIQPAW-UHFFFAOYSA-N,N#CC1=C(N)Oc2c(ccc3ccccc23)C1c1ccccc1[N+](=O)[O-],1
JQXXHWHPUNPDRT-ZNQWNCHJSA-N,CO[C@H]1/C=C/O[C@@]2(C)Oc3c(C)c(O)c4c(O)c(c(C=NN5CCN(C)CC5)c(O)c4c3C2=O)NC(=O)/C(C)=C\C=C\[C@H](C)[C@H](O)[C@@H](C)[C@@H](O)[C@@H](C)[C@H](OC(C)=O)[C@@H]1C,1
KDGAYIQHBSZFAC-UHFFFAOYSA-N,O=C(Nc1ccccc1)c1ccc(-c2cc3ccncc3cc2OC2CCNCC2)s1,1
MKJUVACMILVNTO-UHFFFAOYSA-N,CCOC(=O)Nc1cc(NC(C)CC(C)CN(CC)CC)c2nc(-c3ccccc3)c(-c3ccccc3)nc2n1,1
AULZAOYATYMWMK-UHFFFAOYSA-N,Cc1nc(-c2ccccn2)nc(N2CCC(Cc3ccccc3)C2)c1Cl,1
MJIHNNLFOKEZEW-UHFFFAOYSA-N,Cc1c(OCC(F)(F)F)ccnc1C[S+]([O-])c1nc2ccccc2[nH]1,1
UUZRGTGCLRBVSX-WUJWULDRSA-N,CC(CNC(=O)[C@H](O)C(C)(C)CO)C(=O)NCCc1ccccc1,1
WZIYCIBURCPKAR-UHFFFAOYSA-N,ClCc1ccncc1,1
HCBAUCCAUYLRKK-UHFFFAOYSA-N,Cc1cc(N2CCN(CCO)CC2)nc2ccccc12,1
MAWVFNZYCWVYTG-UHFFFAOYSA-N,Cc1cc(NCCc2ccccc2)nc(NC(=N)Nc2ccc(Cl)cc2)n1,1
MPNXHSHDIGSPKY-UHFFFAOYSA-N,Brc1ccc2c(c1)OCCNC2,1
GKQPCPXONLDCMU-CCEZHUSRSA-N,CCOC(=O)C1=C(C)NC(C)=C(C(=O)OCC)C1c1ccccc1/C=C/C(=O)OC(C)(C)C,1
AOCCBINRVIKJHY-UHFFFAOYSA-N,CCCCCCNC(=O)n1cc(F)c(=O)[nH]c1=O,1
QRSFJFCWTGHZCD-UHFFFAOYSA-N,CCCCSc1nc(N)c2[nH]c(=O)c(=O)n(Cc3ccccc3)c2n1,1
NIUYHJHZOHMWPP-UHFFFAOYSA-N,Nc1cc(N)c2nc(-c3ccccc3)c(Nc3ccc(F)cc3)nc2c1,1
BQYJATMQXGBDHF-UHFFFAOYSA-N,CC1COC(Cn2cncn2)(c2ccc(Oc3ccc(Cl)cc3)cc2Cl)O1,1
UEJJHQNACJXSKW-UHFFFAOYSA-N,O=C1CCC(N2C(=O)c3ccccc3C2=O)C(=O)N1,1
XSMBMYSEWPXVEN-UHFFFAOYSA-N,Cc1nc(-c2ccccn2)nc(N(C)CCc2ccccc2)c1Cl,1
IACQCQDWSIQSRP-LURJTMIESA-N,C[C@@H](Cn1cnc2c(N)ncnc21)OCP(=O)(O)OP(=O)(O)OP(=O)(O)O,1
FTVCZFUOEYRZES-UHFFFAOYSA-N,Cn1cc(NC(=O)c2ccc(Br)s2)cc1C(N)=O,1
SFJVFYZWRUISLR-UHFFFAOYSA-N,Cn1cc(NC(=O)c2cc(NC(=O)c3cc(NC(=O)c4ccc(Cl)cc4Cl)cn3C)cn2C)cc1C(=O)NCCCN1CCOCC1,1
FPOHNWQLNRZRFC-ZHACJKMWSA-N,Cc1[nH]c2ccccc2c1CCNCc1ccc(/C=C/C(=O)NO)cc1,1
PTCGDEVVHUXTMP-UHFFFAOYSA-N,CC(C)Oc1cccc(NC(=O)c2ccccc2C(F)(F)F)c1,1
VHJVDRYUHMVXRY-UHFFFAOYSA-N,Fc1ccc(-n2cc(Cn3c(-c4cccc(F)c4)nc4ccccc43)nn2)cc1,1
YCLREGRRHGLOAK-UHFFFAOYSA-N,Cc1c(N)cccc1Cn1ccc(OCCc2cccs2)cc1=O,1
RBCHRRIVFAIGFI-RGBMRXMBSA-N,C[C@H](N)C(=O)N[C@@H]1[C@H]2C(=C(O)C[C@@H](O)[C@@H]2O)C(=O)O[C@]1(C)C(Cl)Cl,1
ZBGXUVOIWDMMJE-QHNZEKIYSA-N,CCOC(=O)N[C@@H]1CC[C@@H]2[C@@H](C1)C[C@H]1C(=O)O[C@H](C)[C@H]1[C@H]2/C=C/c1ccc(-c2cccc(F)c2)cn1,1
KEEYRKYKLYARHO-UHFFFAOYSA-N,COc1cc(C)c(Cc2cnc(N)nc2N)cc1OC,1
ACGUYXCXAPNIKK-UHFFFAOYSA-N,Oc1c(Cl)cc(Cl)c(Cl)c1Cc1c(O)c(Cl)cc(Cl)c1Cl,1
KPQZUUQMTUIKBP-UHFFFAOYSA-N,Cc1ncc([N+](=O)[O-])n1CC(C)O,1
UQFBZWMVTBPUQY-UHFFFAOYSA-N,Cc1ccc(C)c2c(=O)cc(CN3CCC(N)C3)[nH]c12,1
NOWYQJMZYIKQKU-UHFFFAOYSA-N,N#CC1(Br)C(=N)Oc2ccc3ccccc3c2C1c1ccccc1[N+](=O)[O-],1
GLDIJPLXTYDJBQ-UHFFFAOYSA-N,O=C1c2ccccc2OCC1CN1CCOCC1,1
VHVPQPYKVGDNFY-UHFFFAOYSA-N,CCC(C)n1ncn(-c2ccc(N3CCN(c4ccc(OCC5COC(Cn6cncn6)(c6ccc(Cl)cc6Cl)O5)cc4)CC3)cc2)c1=O,1
YDUGFTMNXJLIFF-UHFFFAOYSA-N,CC1c2cccc(O)c2C(=O)C2=C(O)C3(O)C(O)=C(C(N)=O)C(=O)C(N(C)C)C3C(O)C21,1
QFISNIMASPQVLU-WGGSRIOKSA-N,CC(=O)O[C@H]1C[C@@]2(C)C(C[C@@H](O)C3[C@@]4(C)CC[C@@H](OC(=O)c5ccccc5C(=O)O)[C@@H](C)C4CC[C@@]32C)/C1=C(\CCC=C(C)C)C(=O)OCc1ccccc1,1
FQOLFJDWLBCWOF-UHFFFAOYSA-N,Cc1cc(C)c(Nc2ccccc2-c2ccc([N+](=O)[O-])cc2[N+](=O)[O-])c(C)c1,1
GGHMUJBZYLPWFD-CUZKYEQNSA-N,C[C@H]1CC[C@@]2(O)C(C)(C)[C@@H]3CC[C@@]2(C)[C@H]1C3,1
XXSMUWHTFSUKPJ-UHFFFAOYSA-N,NC(N)=Nc1nc(-c2csc3ccccc23)cs1,1
FSLNYYZJXMGKHK-UHFFFAOYSA-N,Cc1ccc2nc(Cl)c(C=O)cc2c1,1
OUQPUKQKLMRVDS-UHFFFAOYSA-N,Cn1cc(NC(=O)c2cc(NC(=N)c3ccccc3)cn2C)cc1C(=O)NCCC(=N)N,1
UMVDNWOVACQNFP-UHFFFAOYSA-N,CCOC(=O)C(CN)CC(C)C,1
RQMSKWZNZRNVRN-UHFFFAOYSA-N,Cc1ncc(Cn2cc(CCOS(C)(=O)=O)nn2)c(N)n1,1
APPOXTRIXMBPCG-UHFFFAOYSA-N,O=C(Nc1ccncc1)c1coc(Br)c1,1
ORZKASPQPNNQHV-UHFFFAOYSA-N,CC(C)n1cc(NC(=O)c2cc(NC=O)cn2C)cc1C(=O)Nc1cc(C(=O)NCCCN(C)C)n(C)c1,1
HYMSSTHWFFTXDU-UHFFFAOYSA-N,C#CCN(C)Cc1cc2cc(OCCCC3CCNCC3)ccc2n1C,1
HNYJDSVTOYNOLT-UHFFFAOYSA-N,COc1cccc2c(N)c(C)cnc12,1
USDBYXDVVOKZMJ-UHFFFAOYSA-N,O=C(NC(=O)N1CCCc2ccccc21)c1cccc(Cl)c1,1
YWRCDZKEGISYMG-UHFFFAOYSA-N,CC(C)C(=O)c1cnccc1N,1
YITHUUVXKHPYLM-MFKUBSTISA-N,C/C(=N\NC(=O)C1CC1c1ccccc1)c1ccc(NC(=O)c2ccco2)cc1,1
QVMDIQLUNODCTG-OCCSQVGLSA-N,CC1=C2C(=CC(C)(C)[C@@H]2O)C(=O)[C@](C)(O)C12CC2,1
ZCXBTMLEBLPSOQ-AATRIKPKSA-N,COc1ccc(/C=C/c2ccc(C(=O)Nc3cc(C(=O)Nc4cc(C(=O)NCCN5CCC(OC)CC5)n(C)c4)n(C)c3)cc2)cc1,1
ICCFXXDUYSPKOL-UHFFFAOYSA-N,O=[N+]([O-])c1ccc(Sc2cccc[n+]2[O-])c2nonc12,1
WWYUYRBRIOXUHU-UHFFFAOYSA-N,CC(C)c1sc(NC(=O)c2cc(NC(=O)c3cc(NC(=O)c4cc(NC=O)cn4C)cn3C)cn2C)nc1C(=O)NCCCN(C)C,1
KDGXJNUEDNCNRV-UHFFFAOYSA-N,c1cc(CNc2ncnc3[nH]ncc23)c2c(c1)OCO2,1
CSMBFVQVRVUQMI-CXIOKZBNSA-N,Nc1nc(-c2ccccc2)nc2c1ncn2[C@@H]1O[C@H](COS(=O)(=O)NC(=O)c2ccccc2O)[C@@H](O)[C@H]1O,1
QMZJADVJDRSQAP-UHFFFAOYSA-N,Cc1ccc(C(N)c2ccccn2)cc1,1
WEUJEBMWIISEIX-UHFFFAOYSA-N,CN(C)CCCNC(=O)c1cc(NC(=O)c2cc(NC(=O)c3cc(NC(=N)c4cnc5ccccc5c4)cn3C)cn2C)cn1C,1
RDOJFKMPPSAZGC-UHFFFAOYSA-N,NCc1nc(-c2ccc(Cl)cc2)c[nH]1,1
FQIXTGPVOWPFDZ-UHFFFAOYSA-N,CC(CSc1n[nH]c(-c2ccccn2)n1)CS(C)(=O)=O,1
SZEZPAQWCZKDBZ-UHFFFAOYSA-N,Cn1cc(NC(=O)c2cc(NC(=O)C(C)(C)C)cn2C)cc1C(=O)NCCC(=N)N,1
IQNCKPBIQWXAEZ-BQYQJAHWSA-N,Cn1cc(NC(=O)c2cc(NC(=O)c3ccc(/C=C/c4ccc5ccccc5c4)cc3)cn2C)cc1C(=O)NCCN1CCOCC1,1
NFIPWUNGOSCXHY-UHFFFAOYSA-N,CCN1CCN(c2cc(C#N)ccn2)CC1,1
MHWLWQUZZRMNGJ-UHFFFAOYSA-N,CCn1cc(C(=O)O)c(=O)c2ccc(C)nc21,1
JGQVCSBKHNEKPV-UHFFFAOYSA-N,Cn1cc(NC(=O)c2cc(NC(=O)c3cc4ccccc4cn3)cn2C)cc1C(=O)NCCN1CCOCC1,1
ODKNJVUHOIMIIZ-UHFFFAOYSA-N,O=c1[nH]c(=O)n(C2CC(O)C(CO)O2)cc1F,1
BPKNINBFRMHMQY-UHFFFAOYSA-N,O=C1C=CC(=O)N1Cc1ccc(Cl)cc1,1
BOFQWVMAQOTZIW-UHFFFAOYSA-N,O=C(O)c1ccc(-n2nc(-c3ccccc3O)nc2-c2ccccc2O)cc1,1
VKXNIAWKFHPGRL-UHFFFAOYSA-N,CCN(CC)S(=O)(=O)c1ccc(Cl)c(C(=O)Nc2sc3c(c2C#N)CCCC3)c1,1
OPXLLQIJSORQAM-UHFFFAOYSA-N,COC(=O)Nc1nc2cc(C(=O)c3ccccc3)ccc2[nH]1,1
TWFZGCMQGLPBSX-UHFFFAOYSA-N,COC(=O)Nc1nc2ccccc2[nH]1,1
DMTZMRKTFPMXSU-UHFFFAOYSA-N,O=[N+]([O-])c1oc2ccc3ccccc3c2c1CCO,1
MINDHVHHQZYEEK-HBBNESRFSA-N,C/C(=C\C(=O)OCCCCCCCCC(=O)O)C[C@@H]1OC[C@H](C[C@@H]2O[C@H]2[C@@H](C)[C@H](C)O)[C@@H](O)[C@H]1O,1
AKJHMTWEGVYYSE-FXILSDISSA-N,CC1=C(/C=C/C(C)=C/C=C/C(C)=C/C(=O)Nc2ccc(O)cc2)C(C)(C)CCC1,1
TYZROVQLWOKYKF-CYBMUJFWSA-N,CC(=O)NC[C@@H]1CN(c2ccc(N3CCOCC3)c(F)c2)C(=O)O1,1
XMAYWYJOQHXEEK-OZXSUGGESA-N,CC(=O)N1CCN(c2ccc(OC[C@H]3CO[C@](Cn4ccnc4)(c4ccc(Cl)cc4Cl)O3)cc2)CC1,1
WHTVZRBIWZFKQO-UHFFFAOYSA-N,CCN(CC)CCCC(C)Nc1ccnc2cc(Cl)ccc12,1
VHXNKPBCCMUMSW-FQEVSTJZSA-N,CC[C@@]1(O)C(=O)OCc2c1cc1n(c2=O)Cc2cc3c([N+](=O)[O-])cccc3nc2-1,1
XEFQLINVKFYRCS-UHFFFAOYSA-N,Oc1cc(Cl)ccc1Oc1ccc(Cl)cc1Cl,1
LNPDTQAFDNKSHK-UHFFFAOYSA-N,Cc1onc(-c2ccccc2)c1-c1ccc(S(N)(=O)=O)cc1,1
UXZFQZANDVDGMM-UHFFFAOYSA-N,Oc1c(I)cc(I)c2cccnc12,1
HJORMJIFDVBMOB-UHFFFAOYSA-N,COc1ccc(C2CNC(=O)C2)cc1OC1CCCC1,1
GHPUTHDEAWTYLK-UHFFFAOYSA-N,CNCC(=O)NC(C)c1nc(-c2ccc(Br)cc2)no1,1
QYIYFLOTGYLRGG-GPCCPHFNSA-N,N[C@@H](C(=O)N[C@@H]1C(=O)N2C(C(=O)O)=C(Cl)CS[C@H]12)c1ccccc1,1
LQOLIRLGBULYKD-JKIFEVAISA-N,Cc1onc(-c2ccccc2Cl)c1C(=O)N[C@@H]1C(=O)N2[C@@H]1SC(C)(C)[C@@H]2C(=O)O,1
ORQFDHFZSMXRLM-IYBDPMFKSA-N,COc1ccc(C[C@@H](C)[C@@H](C)Cc2ccc(OC)c(OC)c2)cc1OC,1
RTXOFQZKPXMALH-GHXIOONMSA-N,C=CC1=C(C(=O)O)N2C(=O)[C@@H](NC(=O)/C(=N\O)c3csc(N)n3)[C@H]2SC1,1
NNARXJVWUPPZIP-UUWRZZSWSA-N,C=CCN(C(=O)OCc1ccc([N+](=O)[O-])cc1)C1CCN(CC[C@](C)(CN(C)S(=O)(=O)c2ccccc2)c2ccccc2)CC1,1
RLJFTICUTYVZDG-UHFFFAOYSA-N,CSc1ccc2c(c1)C(N1CCN(C)CC1)Cc1ccccc1S2,1
KTUFNOKKBVMGRW-UHFFFAOYSA-N,Cc1ccc(NC(=O)c2ccc(CN3CCN(C)CC3)cc2)cc1Nc1nccc(-c2cccnc2)n1,1
SIWQJQCKOITZLS-UHFFFAOYSA-N,CN(C)CCNC(=O)c1cccc2cccnc12,1
UTNUDOFZCWSZMS-YFHOEESVSA-N,C/C(O)=C(\C#N)C(=O)Nc1ccc(C(F)(F)F)cc1,1
BBMULGJBVDDDNI-UHFFFAOYSA-N,CCC(C(=O)C(C)C(O)C(C)CCc1ccc(C)c(O)c1C(=O)O)C1OC(CC)(C2CCC(O)(CC)C(C)O2)CC1C,1
AUZONCFQVSMFAP-UHFFFAOYSA-N,CCN(CC)C(=S)SSC(=S)N(CC)CC,1
QRXWMOHMRWLFEY-UHFFFAOYSA-N,NNC(=O)c1ccncc1,1
BCEHBSKCWLPMDN-MGPLVRAMSA-N,C[C@@H](c1ncncc1F)[C@](O)(Cn1cncn1)c1ccc(F)cc1F,1
SAPNXPWPAUFAJU-UHFFFAOYSA-N,CN(CCCN1c2ccccc2CCc2ccccc21)CC(=O)c1ccc(Cl)cc1,1
KEPKKUKRTDFXHZ-UHFFFAOYSA-N,COc1ccc(OC)c(NCc2ccc3nc(N)nc(N)c3c2Cl)c1,1
JFIBVDBTCDTBRH-REZTVBANSA-N,CC(C)=CCC/C(C)=C/CNCCNC1C2CC3CC(C2)CC1C3,1
QMGMALTZHHCWGS-UHFFFAOYSA-N,NC(=O)c1[nH]c2ccc(S(N)(=O)=O)cc2c1-c1ccccc1,1
DPRPYFUMFSDKEY-UHFFFAOYSA-N,Nc1nc(O)c(Br)c(-c2cccc(Cl)c2)n1,1
KJFBVJALEQWJBS-XUXIUFHCSA-N,CC(C)Nc1nc2cc(Cl)c(Cl)cc2n1[C@H]1O[C@@H](CO)[C@H](O)[C@@H]1O,1
HNDRSTUKPCLQLT-UHFFFAOYSA-N,O=S(=O)(Nc1ccccc1)c1ccc(NC(=S)Nc2ccccc2)cc1,1
SCGRUHAJSQVIGC-UHFFFAOYSA-N,COc1cc(C2=NCCN2)cc2cc(-c3ccc(C4=NCCN4)cc3)oc12,1
LNGBIKCCEMPBEN-SANMLTNESA-N,NC(=O)C(c1ccccc1)(c1ccccc1)[C@H]1CCCN(CCc2ccc3c(c2)CCO3)C1,1
MQTOSJVFKKJCRP-BICOPXKESA-N,CC[C@H]1OC(=O)[C@H](C)[C@@H](O[C@H]2C[C@@](C)(OC)[C@@H](O)[C@H](C)O2)[C@H](C)[C@@H](O[C@@H]2O[C@H](C)C[C@H](N(C)C)[C@H]2O)[C@](C)(O)C[C@@H](C)CN(C)[C@H](C)[C@@H](O)[C@]1(C)O,1
TVBQRAPNJPDSJM-UHFFFAOYSA-N,c1ccc(-c2nc(NC3CCCCC3)cc(C3CC3)n2)nc1,1
PEVGVQUYBNMZTF-UHFFFAOYSA-N,Cc1ccc2c(c1C)NC(=O)C21NN=C(c2ccccc2)S1,1
ULGZDMOVFRHVEP-RWJQBGPGSA-N,CC[C@H]1OC(=O)[C@H](C)[C@@H](O[C@H]2C[C@@](C)(OC)[C@@H](O)[C@H](C)O2)[C@H](C)[C@@H](O[C@@H]2O[C@H](C)C[C@H](N(C)C)[C@H]2O)[C@](C)(O)C[C@@H](C)C(=O)[C@H](C)[C@@H](O)[C@]1(C)O,1
UBCHPRBFMUDMNC-UHFFFAOYSA-N,CC(N)C12CC3CC(CC(C3)C1)C2,1
YDSHHDISKUSKFW-UHFFFAOYSA-N,Oc1c(C(Nc2nc3ccccc3s2)c2ccc(OC(F)F)cc2)ccc2cccnc12,1
BRBZPYDLUUWBCD-UHFFFAOYSA-N,Fc1cccc(Cl)c1C1CC(c2ccc(Cl)cc2)Nc2nnnn21,1
NIPZZXUFJPQHNH-UHFFFAOYSA-N,O=C(O)c1cnccn1,1
DYEFUKCXAQOFHX-UHFFFAOYSA-N,O=c1c2ccccc2[se]n1-c1ccccc1,1
RZXQBIKGWSLVEK-JCNLHEQBSA-N,CC(C)N(c1cc(-c2ccccc2)sc1C(=O)O)C(=O)[C@H]1CC[C@H](C)CC1,1
GBVSNIYQERCVHL-CNYIRLTGSA-N,CC(C)C(=O)N[C@H]1[C@H]([C@H](O)[C@H](O)CO)OC(C(=O)O)=C[C@@H]1N=[N+]=[N-],1
NXFQHRVNIOXGAQ-YCRREMRBSA-N,O=C1CN(/N=C/c2ccc([N+](=O)[O-])o2)C(=O)N1,1
VZTBLNIXLGBJNS-UHFFFAOYSA-N,N#CCN1C(=O)COc2cc(F)c(N3C(=O)c4ccccc4C3=O)cc21,1
ROFHCHDLNGIYAX-UHFFFAOYSA-N,CCc1cc(Cc2cnc(N)nc2N)cc2c1N(C)CCC2C,1
UTHBRSYQYAZHOI-UHFFFAOYSA-N,CCNC(=O)Nc1cn2c(-c3ncc(CC)cn3)cc(-c3cccnc3)cc2n1,1
BQOMVBRKIWCRCU-UHFFFAOYSA-N,FC(F)(F)c1cnc(Sc2nnc(-c3ccncc3)o2)c(Cl)c1,1
ZSNNBSPEFVIUDS-SHYZEUOFSA-N,[N-]=[N+]=N[C@H]1C[C@H](n2ccc(=O)[nH]c2=O)O[C@@H]1CO,1
MYPWSRSRUZNFDA-UHFFFAOYSA-N,C=CCc1cc(Cc2cnc(N)nc2N)cc(OC)c1O,1
FCFNRCROJUBPLU-UHFFFAOYSA-N,CC1OC(=O)C(C(C)C)NC(=O)C(C(C)C)OC(=O)C(C(C)C)NC(=O)C(C)OC(=O)C(C(C)C)NC(=O)C(C(C)C)OC(=O)C(C(C)C)NC(=O)C(C)OC(=O)C(C(C)C)NC(=O)C(C(C)C)OC(=O)C(C(C)C)NC1=O,1
MCGFBDJSJQAZHY-UHFFFAOYSA-N,O=C(c1ccccc1)N1CCN(c2ccccc2NC(=O)C(Cl)(Cl)Cl)CC1,1
PJYDYUDAULCICX-QHPFDFDXSA-N,OC1O[C@H](CSc2ccc(F)cc2)[C@@H](O)[C@H]1O,1
NVSNMJOMSIPMID-UHFFFAOYSA-N,Cn1cc(CC(=O)Nc2ccc(I)cn2)cn1,1
KYFFHIGZVFHJIV-UHFFFAOYSA-N,CNc1nnc(-c2ccccc2)s1,1
IECPWNUMDGFDKC-ZUARWYTBSA-N,CC(=O)O[C@H]1C[C@@]2(C)C(C[C@@H](O)C3[C@@]4(C)CC[C@@H](O)[C@@H](C)C4CC[C@@]32C)/C1=C(\CCC=C(C)C)C(=O)O,1
LPDPLHIPNUTHCE-CMDGGOBGSA-N,Cn1cc(NC(=O)c2ccc(/C=C/c3ccncc3)cc2)cc1C(=O)Nc1cc(C(=O)NCCN2CCOCC2)n(CCCSc2ccccc2)c1,1
CTXIEZZVVOESOR-UHFFFAOYSA-N,CN(C)c1nc(Cl)c(CN)s1,1
DQRBXMBMLZLMHX-NSHDSACASA-N,Cc1cccc(CC(=O)N[C@H]2CCOC2=O)c1,1
WWRAFPGUBABZSD-UHFFFAOYSA-N,Nc1ccc2oc(=O)ccc2c1I,1
GYDPBFHWDWGCOG-UHFFFAOYSA-N,O=C(Nc1ccnc(CO)c1)c1ccc(F)cc1I,1
DUKIGVBIIWUQEV-MLGWWUNESA-N,CC(=O)O[C@H]1C[C@@]2(C)C(C[C@@H](O)C3[C@@]4(C)CC[C@@H](OC(=O)C(N)Cc5ccccc5)[C@@H](C)C4CC[C@@]32C)/C1=C(\CCC=C(C)C)C(=O)OCc1ccccc1,1
XZRCLPUHBOQVPS-UHFFFAOYSA-N,COc1cccc(C(=N)Nc2cc(C(=O)Nc3cc(C(=O)Nc4nc(C(=O)NCCCN(C)C)c(CCC(C)C)s4)n(C)c3)n(C)c2)c1,1
DLZUHPLDWDXEEZ-UHFFFAOYSA-N,NCCC(=O)N1CCCC(CCc2ccc(F)cc2)C1,1
UHPGSLTXVGELJX-WEVVVXLNSA-N,COc1ccc(/C=C/c2ccc(C(=O)Nc3cc(C(=O)Nc4cc(C(=O)NCCN5CCC(OC)CC5)n(C)c4)n(C)c3)cn2)cc1,1
LHHFYJQGCWEYNA-UHFFFAOYSA-N,Cc1c[nH]c2ccccc2c1=N,1
BBVLMJNZGIDONQ-UHFFFAOYSA-N,CC(N)c1nc(-c2ccc(Br)cc2)c[nH]1,1
UGCRMJJXRCJZHJ-UHFFFAOYSA-N,NCc1cccc(-c2nccs2)c1,1
DGZZQPDQZYSFFT-UHFFFAOYSA-N,CCOc1ccc(Cl)cc1CCNS(=O)(=O)N(C)C,1
MQFXMZURTRLSMB-UHFFFAOYSA-N,CCCOc1ccccc1C(=O)NC1CCNC1,1
RGBXXQNFNMCTOB-AATRIKPKSA-N,COCCOC1CCN(CCNC(=O)c2cc(NC(=O)c3cc(NC(=O)c4ccc(/C=C/c5ccc(OC)cc5)cc4)cn3C)cn2C)CC1,1
WMSWKBZPSLQSGX-UHFFFAOYSA-N,CCCOc1ccc(NS(=O)(=O)N(C)C)cc1Cl,1
NDBKBBNOQVWSGQ-UHFFFAOYSA-N,COc1cccc(C(=N)Nc2cc(C(=O)Nc3nc(C(=O)NCCN4CCOCC4)c(CCc4ccccc4)s3)n(C)c2)c1,1
JXUMGGALOPPZQA-UHFFFAOYSA-N,Cc1cc(Br)cc(C(=O)NCc2nccc(N)n2)c1,1
BSUXDPUUXITJSM-UHFFFAOYSA-N,CCCNc1nc(C)c(C(C)=O)s1,1
BXMHHPDUTMFPMC-UHFFFAOYSA-N,CS(=O)(=O)c1ccc(CN)o1,1
OJHCQMFSUMQYEJ-UHFFFAOYSA-N,CCc1nnc(NC(=O)c2cc(OC)ccn2)s1,1
KUHRATHWGJXJEB-UHFFFAOYSA-N,Cc1nnc(SCC(=O)NCCCc2csc(N)n2)s1,1
HTCYLIQFAHHQHE-ZHACJKMWSA-N,Cn1cc(NC(=O)c2cc(NC(=O)c3ccc(/C=C/c4cnc5ccccc5c4)cc3)cn2C)cc1C(=O)NCC[N+]1([O-])CCCCC1,1
YTAOBBFIOAEMLL-MNWMYKRDSA-N,N#C/C(=C1/SC[C@H](c2ccc(Cl)cc2Cl)S1)n1ccnc1,1
PRSPAPDYZQFCBA-UHFFFAOYSA-N,Fc1cccnc1OC1CCNCC1,1
IHCFSACSFOBBQA-UHFFFAOYSA-N,CC(C)CCc1sc(NC(=O)c2cc(NC(=O)c3cc(NC(=O)c4sc(N)nc4C(F)(F)F)cn3C)cn2C)nc1C(=O)NCCCN(C)C,1
VGKIUEUBUWATHO-ONEGZZNKSA-N,Cn1cc(NC(=O)c2cc(NC(=O)c3ccc(/C=C/c4ccc(F)cc4)cc3)cn2C)cc1C(=O)NCCN1CCOCC1,1
GLMWJBAVGBAYTC-HNNXBMFYSA-N,CCCCCCCN(C)C(=O)CCNC(=O)[C@H](O)C(C)(C)CO,1
XLTIACMLQZAZRH-UHFFFAOYSA-N,NC(=O)C1CCN(Cc2ccc(Br)c3cccnc23)C1,1
NHTLNHHLXCTDMY-UHFFFAOYSA-N,CCCc1cc(C(=O)NCCc2nc(C)c[nH]2)[nH]n1,1
XGFJPMBRXFFNAH-UHFFFAOYSA-N,NCC1CCOc2ccccc21,1
WCIBZSHMJWMXFK-UHFFFAOYSA-N,CN(Cc1ccc(Cl)cc1)C(=O)C1CCNC1,1
BOGDOQUBBKYJNM-UHFFFAOYSA-N,C#CCNc1nc(Cl)c(C#N)cc1C#N,1
KYRNWWWBJSHFJL-UHFFFAOYSA-N,N#Cc1nnc(-c2ccccc2)o1,1
CUGDJBUUTWZPCY-SNVBAGLBSA-N,N[C@@H]1CCCc2c(F)cc(F)cc21,1
YBRPSDZVNMLGFG-UHFFFAOYSA-N,NS(=O)(=O)NCC1CCN(c2cccc(Br)c2)C1,1
BCZKTRPTEZWZNO-UHFFFAOYSA-N,Nc1nnnn1CCOc1c2[nH]c3ccc(Cl)cc3c2cc2c1[nH]c1ccc(Cl)cc12,1
YFPNAYXYKXAKJC-UHFFFAOYSA-N,C#CCNCc1cc2cc(OCc3ccccc3)ccc2[nH]1,1
JIYWTSXFPHVODD-GXDHUFHOSA-N,COc1ccc(/C=C/c2ccc(C(=O)Nc3cc(C(=O)Nc4cc(C(=O)NCCN5CCOCC5)n(CCCc5cn(CCc6ccccc6)nn5)c4)n(C)c3)cn2)cc1,1
YHHPZCIENBVQKJ-LLVKDONJSA-N,O=C(NC[C@H]1CCCN1)c1ccc2cccc(Cl)c2n1,1
DGBNUJWLZOMDCS-UHFFFAOYSA-N,CN(Cc1cn(-c2ccccc2)nn1)Cc1cc2cc(OCCCC3CCN(Cc4ccccc4)CC3)ccc2n1C,1
MQHLMHIZUIDKOO-AYHJJNSGSA-N,CCC(C)(C)c1ccc(CC(C)CN2C[C@@H](C)O[C@@H](C)C2)cc1,1
DNFFJEKROCCRAQ-UHFFFAOYSA-N,COc1ccc(NC(=O)c2ccc(S(N)(=O)=O)o2)cc1,1
VOFGMBYLCVKZFD-VAWYXSNFSA-N,Cn1cc(NC(=O)c2ccc(/C=C/c3cnc4ccccc4c3)cc2)cc1C(=O)Nc1nc(C(=O)NCCN2CCOCC2)c(C2CCCCC2)s1,1
GIDNUKOLHRHZER-UHFFFAOYSA-N,O=C1C=CC(=O)N1c1ccc(I)cc1Cl,1
UFSYYRNCFQQPQC-UHFFFAOYSA-N,Cc1ccc(OC(C)CN)cc1,1
QJJXYPPXXYFBGM-KVDYWLTISA-N,C=CC[C@@H]1C=C(C)C[C@H](C)C[C@H](OC)[C@H]2O[C@@](O)(C(=O)C(=O)N3CCCC[C@H]3C(=O)O[C@H](/C(C)=C/[C@@H]3CC[C@@H](O)[C@H](OC)C3)[C@H](C)[C@@H](O)CC1=O)[C@H](C)C[C@@H]2OC,1
MPWBIKWHXMOABN-UHFFFAOYSA-N,CC(O)C1C(=O)N2C(C(=O)Nc3ccc(-c4n[nH]c(=S)o4)cc3)=C(SC3CNC(C(=O)N(C)C)C3)C(C)C12,1
AMSSKRNHQKLQOW-UHFFFAOYSA-N,CCCC1(C2CC2)c2cc(Cl)ccc2NC(=O)N1C,1
SWYXVEZLVQXMNB-AATRIKPKSA-N,Cn1cc(NC(=O)c2cc(NC(=O)c3ccc(/C=C/C4CC4)cc3)cn2C)cc1C(=O)NCCN1CCOCC1,1
GYHBYWQKRPBQPR-UHFFFAOYSA-N,NCC(=O)N(Cc1cccs1)Cc1cccs1,1
KHNASSFWTDTCPA-UHFFFAOYSA-N,CSC(C)(C)COC(=O)c1ccc(-n2ccnc2)nc1,1
ARPNGKWYAZYKMP-UHFFFAOYSA-N,NS(=O)(=O)NCCCc1ccc(Br)cc1F,1
GZRSCYDBGFKKHY-UHFFFAOYSA-N,COc1ccc2c(c1)CCCC(=O)N2,1
UOQNRKZMXTYCNA-UHFFFAOYSA-N,NCC1Cc2ccccc21,1
GVXQCKLYKSNLLZ-UHFFFAOYSA-N,Cn1ccnc1-c1noc(NC(=O)c2ccccn2)n1,1
FTCANKHCHNIQBL-UHFFFAOYSA-N,COc1ccc(CCl)c2cccnc12,1
OEDSOJOTICVKDQ-UHFFFAOYSA-N,CS(=O)(=O)CCNc1ccnc2ccc(Br)cc12,1
OKBVVJOGVLARMR-VINNURBNSA-N,C=CC1=C(C(=O)O)N2C(=O)[C@@H](NC(=O)/C(=N/OCC(=O)O)c3csc(N)n3)[C@H]2SC1,1
WBTUVYPUMUQSPD-UHFFFAOYSA-N,Cc1cccc(OCCc2noc(C3CNC3)n2)c1,1
HSCQIJPVTCAJLR-UHFFFAOYSA-N,CC(=O)Nc1cc(C(=O)Nc2cc(C(=O)NCCC(=N)N)n(C)c2)n(C)c1,1
PEGUGHQKENRNNI-RUDMXATFSA-N,CSc1ccc(/C=C/c2ccc3cc(C(=O)Nc4cc(C(=O)Nc5cc(C(=O)NCCN6CCOCC6)n(C)c5)n(C)c4)ccc3n2)cc1,1
QNQSZPGBAPIZJA-UHFFFAOYSA-N,Cc1ccccc1Nc1ccccc1-c1ccccc1[N+](=O)[O-],1
GMSMRDONKXHVKL-IEBWSBKVSA-N,O=C(N[C@H](CCS)C(=O)N[C@H](Cc1ccccc1)C(=O)O)c1cc2ccccc2[nH]1,1
KSVDDZZHJJXYSD-BUHFOSPRSA-N,Cn1cc(NC(=O)c2ccc(/C=C/c3cnc4ccccc4c3)cc2)cc1C(=O)Nc1cc(C(=O)NCCN2CCOCC2)n(CCCc2cn(CCc3ccccc3)nn2)c1,1
UZMUDQFNZPSMQU-UHFFFAOYSA-N,Cc1cc(C)c(Nc2ccccc2-c2ccccc2[N+](=O)[O-])c(C)c1,1
WDHOCNFHYDHUHS-UHFFFAOYSA-N,COc1ncccc1-c1csc(NCCSC)n1,1
COPSPXCYVINXCL-UHFFFAOYSA-N,OCCCNc1ccnc2ccc(Cl)cc12,1
RUBDNQUCPAVYRZ-BUHFOSPRSA-N,COc1cccc(/C=C/c2ccc(C(=O)Nc3cc(C(=O)Nc4cc(C(=O)NCCN5CCOCC5)n(CCCc5cn(CCc6ccccc6)nn5)c4)n(C)c3)cc2)c1,1
DXBURLJZQLMFRW-UHFFFAOYSA-N,CCc1nc2ccccn2c1C(=O)NCc1ccccc1,1
JYUKUOAPGLIOTL-UHFFFAOYSA-N,COC(CN)CC(C)C,1
YWFOKXPDJMYPQR-UHFFFAOYSA-N,CC(O)CN1C(=O)C=CC1=O,1
CSSAEPKNBWKDGO-UHFFFAOYSA-N,COCCOc1ccc(CNC(=O)c2ccoc2)cn1,1
SITOFIHYXIJBBS-UHFFFAOYSA-N,CN(CCOc1ccc(Cl)cc1)C(=O)C(C)(C)CN,1
ODSMLDZBFVDLKY-UHFFFAOYSA-N,CN(C)c1[nH]c(=O)ncc1F,1
QWBXUONOSWNMMX-UHFFFAOYSA-N,OCCNCCNCc1ccc(-c2ccccc2F)o1,1
RASUVPIIXQWKQJ-UHFFFAOYSA-N,c1cncc(NCc2ccc(-c3cc4ccncc4cc3OC3CCNCC3)s2)c1,1
RYQNIWSFEQFKOO-UHFFFAOYSA-N,NCC(=O)N1CCCC(CCc2ccc(F)cc2F)C1,1
LGYWZWVXJPZZOI-UHFFFAOYSA-N,CN(C)C(=O)Nc1cc(F)cc(F)c1,1
JVUHAOWNRUMQKI-UHFFFAOYSA-N,NCc1cnn(-c2ccc(Br)cc2)c1,1
JGOBHUWKRDXZEY-UHFFFAOYSA-N,Oc1ccc(CCl)c2cccnc12,1
UFQHINLXKSGFEH-UHFFFAOYSA-N,CCCn1cnnc1CNC,1
NIRMEKMFKYUVQU-UHFFFAOYSA-N,Cc1cc(C(=O)NC2CCC(=O)NC2)cc(Cl)c1Br,1
FFTVPQUHLQBXQZ-KVUCHLLUSA-N,CN(C)c1ccc(O)c2c1C[C@H]1C[C@H]3[C@H](N(C)C)C(=O)C(C(N)=O)=C(O)[C@@]3(O)C(=O)C1=C2O,1
HESVSBXGABTYCL-MPWZMCHYSA-N,CC(=O)O[C@H]1C[C@@]2(C)C(C[C@@H](O)C3[C@@]4(C)CC[C@@H](OC(=O)CN)[C@@H](C)C4CC[C@@]32C)/C1=C(\CCC=C(C)C)C(=O)OCc1ccccc1,1
NIBZKHUIJGTBOX-UHFFFAOYSA-N,c1ccc2c(N3CCNCC3)cncc2c1,1
ILTZZZSSHMENHM-UHFFFAOYSA-N,CNCCC1CCN(c2ccncc2)CC1,1
LDRSQIUWUCMWRE-UHFFFAOYSA-N,C#CCNc1nc(NCCCCC2CCN(Cc3ccccc3)CC2)c(C#N)c(-c2ccccc2)c1C#N,1
YKSBVTHTVHRBIY-UHFFFAOYSA-N,NC1CCN(c2ccccc2F)CC1,1
UQHQDEWPSILFAG-XYOKQWHBSA-N,COc1ccc(/C=C/c2ccc(C(=O)Nc3cc(C(=O)Nc4nc(C(=O)NCCCN(C)C)c(C(C)C)s4)n(C)c3)cn2)cc1,1
GIZBPQQLINMFQJ-MDWZMJQESA-N,COc1ccc(/C=C/c2ccc(C(=O)Nc3cc(C(=O)Nc4nc(C(=O)NCCN5CCOCC5)c(CCc5ccccc5)s4)n(C)c3)cn2)cc1,1
GUXHBMASAHGULD-UHFFFAOYSA-N,CN(C)C1C(=O)C(C(N)=O)=C(O)C2(O)C(=O)C3=C(O)c4c(O)ccc(Cl)c4C(O)C3CC12,1
RQTJNXVWMWDNET-UHFFFAOYSA-N,O=[N+]([O-])c1ccccc1-c1ccccc1Nc1ccccc1,1
CBUJRRYTCIUXIQ-UHFFFAOYSA-N,O=c1oc2ccc(Br)cc2cc1CSc1ncc[nH]1,1
NVBCATDOLBSLLJ-UHFFFAOYSA-N,CCCCc1ccc(-c2cc(C(=O)O)cc(-c3ccc(Cl)cc3)n2)cc1,1
JMNQNGXUWQPDHI-UHFFFAOYSA-N,Cc1ocnc1C(=O)Nc1ccc2c(c1)NCCC2,1
YCWUTCPEXFSOGE-UHFFFAOYSA-N,CC(Nc1ccc(C#N)cn1)c1ccc2c(c1)OCO2,1
QXOUAQYJNTXFCQ-UHFFFAOYSA-N,Nc1nc(-c2ccc3c(c2)CCCC(=O)N3)cs1,1
NHUBNGBTNGRPMH-MFOYZWKCSA-N,O=C(/C(=C/c1ccc(Cl)cc1Cl)n1ccnc1)c1ccc(Cl)cc1,1
YMDXZJFXQJVXBF-STHAYSLISA-N,C[C@@H]1O[C@@H]1P(=O)(O)O,1
NHUWPNGINZIUAQ-UHFFFAOYSA-N,C#CCNc1ccc(Cl)cn1,1
NZVPXGHVMXQESQ-XYOKQWHBSA-N,COc1ccc(/C=C/c2ccc(C(=O)Nc3cc(C(=O)Nc4nc(C(=O)NCCN5CCOCC5)c(C5CCCCC5)s4)n(C)c3)cn2)cc1,1
YPSZTUKLCGFWPX-UHFFFAOYSA-N,COc1cc(C(C)(C)CCCC(C)C)cc(OC)c1OC,1
CNBQSRCBLSQWGQ-UHFFFAOYSA-N,CCC1Oc2c(Cl)cccc2NC1=O,1
CVOKVZDJBZUTQI-NCOOBBHVSA-N,CCN/C(=N\CCCN(C)C)OC(=O)/C(CCC=C(C)C)=C1/C2C[C@@H](O)C3[C@@]4(C)CC[C@@H](O)[C@@H](C)C4CC[C@]3(C)[C@@]2(C)C[C@@H]1OC(C)=O,1
KNYUJFXRRMXMSN-UHFFFAOYSA-N,COCC(C)NCc1ccccc1CN1CCCC1=O,1
ONKCAXOOKFGVCN-UHFFFAOYSA-N,CCOc1nnc(CN2CCC(C(N)=O)CC2)s1,1
GMHCJQHGTFEGOH-UHFFFAOYSA-N,CCC(C#N)NC(=O)c1cnc(OC(C)C)c(Cl)c1,1
ZFPFYDHSJVMZGQ-UHFFFAOYSA-N,COC(=O)c1ccc(C(=O)Nc2cc(C(=O)Nc3cc(C(=O)Nc4nc(C(=O)NCCCN(C)C)c(CCC(C)C)s4)n(C)c3)n(C)c2)cc1,1
JRWUXZQPAULKLR-UHFFFAOYSA-N,NCCc1cccc2cc[nH]c12,1
JPFQYRJBIQQZRR-UHFFFAOYSA-N,O=C(CSc1ncn[nH]1)Nc1ncc(Br)s1,1
IJQIZSCDKUGOIZ-UHFFFAOYSA-N,NC(=O)CSc1nnc(-c2cc(Br)ccc2O)[nH]1,1
CGXNMBABUGPLRD-UHFFFAOYSA-N,COc1cccc(CNCc2ccccn2)c1,1
PLQKHNPZPRTISL-ITRAFUHISA-N,COC1CC2/C=C(C)\C=C\C=C\C(=O)NC(c3ccccc3)C/C=C/CCC(O)CC(=O)C2=C1O,1
CMYIPUCTRFIJOB-UHFFFAOYSA-N,COc1ccc(F)c(N2CCNCC2)c1,1
SUFPWYYDCOKDLL-UHFFFAOYSA-N,Cc1cc(-c2ccccc2)c(C(=O)C(=O)Nc2ccc(N3CCN(c4ncc(F)cn4)CC3)cc2)n1C,1
IZWFVPWQNLMVFK-BQYQJAHWSA-N,COc1cccc(/C=C/c2ccc(C(=O)Nc3cc(C(=O)Nc4cc(C(=O)NCCN5CCC(O)CC5)n(C)c4)n(C)c3)cc2)c1,1
ZXPZAOBINNTZGF-ONEGZZNKSA-N,Cn1cc(NC(=O)c2ccc(/C=C/c3ccncc3)cc2)cc1C(=O)Nc1cc(C(=O)NCCN2CCOCC2)n(CCCN2CCOCC2)c1,0
RRXLMIWSZNETKO-UHFFFAOYSA-N,CC(C)NC(=O)NCC1(N2CCOCC2)CCSC1,0
BYBLEWFAAKGYCD-UHFFFAOYSA-N,Clc1ccc(COC(Cn2ccnc2)c2ccc(Cl)cc2Cl)c(Cl)c1,0
UHAXXHOPNVNKIX-TVEQFHJYSA-N,CC(=O)O[C@H]1C[C@@]2(C)C(C[C@@H](O)C3[C@@]4(C)CC[C@@H](O)[C@@H](C)C4CC[C@@]32C)/C1=C(\CCC=C(C)C)C(=O)On1nnc2ccc(Cl)cc21,0
AKLMFDDQCHURPW-ISIOAQNYSA-N,CN(C)[C@@H]1C(=O)C(C(N)=O)=C(O)[C@@]2(O)C(=O)C3=C(O)c4c(O)c(NC(=O)CN5CCCC5)cc(F)c4C[C@H]3C[C@@H]12,0
NDCUAPJVLWFHHB-RFZPGFLSSA-N,NC(=O)[C@H]1CC[C@@H]2CN1C(=O)N2OS(=O)(=O)O,0
USBPIAOQTAKNDZ-UHFFFAOYSA-N,NC(=O)Nc1cccc(C(=O)Nc2ccc(Cl)cn2)c1,0
SAOBRONRQPLGDZ-UHFFFAOYSA-N,COc1ccc2sc3c(c2c1)NC(C)CNC3=O,0
PYQYNZYWOPUGGQ-UHFFFAOYSA-N,CC(C)(N)C(O)c1ccc(Br)cc1,0
INDBQLZJXZLFIT-UHFFFAOYSA-N,COc1cc(NC(C)CCCN)c2ncccc2c1,0
AKTJAXKMJDHOHK-UHFFFAOYSA-N,O=C(NCc1cccc2ccccc12)c1cccs1,0
JJRNMSJFNVLPDG-LCYFTJDESA-N,CN(C)CCOc1ccc2c(c1)C(=O)/C(=C\c1ncc([N+](=O)[O-])n1C)C2,0
FAGDKDUYJZUVOH-UHFFFAOYSA-N,NC1(C(=O)O)CCP(=O)(O)CC1,0
MNKQXVACTXTJAG-UHFFFAOYSA-N,COc1cc(NC(=O)CN2C(=O)NC(c3ccccc3)(c3ccccc3)C2=O)cc(OC)c1,0
VGPIBGGRCVEHQZ-UHFFFAOYSA-N,CC(C)(C)C(O)C(Oc1ccc(-c2ccccc2)cc1)n1cncn1,0
DXIBRFHEZZOPFH-UHFFFAOYSA-N,Sc1ncnc2c1ncn2C1CCCO1,0
BJEFMLAPLDTDNB-OXAWKVHCSA-N,CCOC(=O)/C(C#N)=C1\SS/C(=C(/C#N)C(=O)OCC)S1,0
HFOBXGSLYCFVGF-UHFFFAOYSA-N,O=S(=O)(Nc1ccc(-n2cccc2)cc1)c1ccc(Cl)c(Cl)c1,0
KVFNSUPFXGYOKN-UHFFFAOYSA-N,O=S(=O)(Nc1ccc(O)cc1)c1cccc2cccnc12,0
LCUJVPKQAPUUAQ-UHFFFAOYSA-N,O=C(O)c1cc(-c2ccc(Br)cc2)nc2ccc(Cl)cc12,0
QFTBUYQYYPLHDV-UHFFFAOYSA-N,O=C(O)c1ccccc1Sc1ncnc2sc3c(c12)CCC3,0
NZVVEMCRCLJDCU-UHFFFAOYSA-N,O=C(c1cc(O)nc2ccccc12)N1CCN(c2ccccc2)CC1,0
NCPLYDUUMCVVRD-UHFFFAOYSA-N,CC(C)(C)c1cc(CCC(=O)N2CCC2)cc(C(C)(C)C)c1O,0
GAGYIXNTGLUHEZ-UHFFFAOYSA-N,COCCn1cnc2c(O)nc(Nc3ccccc3)nc21,0
HFKZYMPEMMAFOG-UHFFFAOYSA-N,Clc1cccc(-c2nnc(-c3ccccc3)o2)c1,0
FXRFNUOUJQQXOG-UHFFFAOYSA-N,COc1ccc(C)cc1NC(=O)c1ccc(S(=O)(=O)N2CCCCC2)cc1,0
WSXIJTIFOWCMIQ-UHFFFAOYSA-N,O=C(Nc1cccc(-c2nc3ccccc3[nH]2)c1)c1ccc(C(=O)Nc2cccc(-c3nc4ccccc4[nH]3)c2)cc1,0
IJLXVKPGJDODPJ-UHFFFAOYSA-N,Oc1cc(-c2cccc3ccccc23)[nH]n1,0
QKLMWNVNJBXKRG-UHFFFAOYSA-N,Sc1nc2cc(-c3ccccc3)ccc2o1,0
OKEYEGFUDUETQP-UHFFFAOYSA-N,O=C(Nc1ccc(F)cc1)c1nn(-c2ccccc2)c(=O)cc1Cl,0
NNKKOITVFGCNKQ-UHFFFAOYSA-N,COc1ccc2nc3n(c2c1)SCc1c(C)c(OC)c(C)c[n+]1-3,0
GPXLMGHLHQJAGZ-JTDSTZFVSA-N,CCOc1ccc2ccccc2c1C(=O)N[C@@H]1C(=O)N2[C@@H]1SC(C)(C)[C@@H]2C(=O)O,0
OKEPRRXQHJGLCL-UHFFFAOYSA-N,O=C(Cc1ccccc1F)Nc1nc2ccccc2[nH]1,0
XMAYWYJOQHXEEK-UHFFFAOYSA-N,CC(=O)N1CCN(c2ccc(OCC3COC(Cn4ccnc4)(c4ccc(Cl)cc4Cl)O3)cc2)CC1,0
CCGNSPSMYWVAMG-UHFFFAOYSA-N,O=[N+]([O-])c1ccc(-c2ccccc2)c([As](=O)(O)O)c1,0
GLCNSQWOANYMNW-UHFFFAOYSA-N,Cc1ccc(C=C2C(Cl)=C(Cl)C(Cl)=C2Cl)cc1,0
BHRDCLCQKRWPDI-UHFFFAOYSA-N,COc1ccc(NS(=O)(=O)c2ccc(Cl)s2)cn1,0
CLHLOHAQAADLRA-UHFFFAOYSA-N,Sc1nc2ccc(Cl)cc2s1,0
OIRQRFHZNILPAA-UHFFFAOYSA-N,O=C(c1cccnc1)C1Cc2ccccc2C1=O,0
STQGQHZAVUOBTE-JYZNYWJRSA-N,COc1cccc2c1C(=O)c1c(O)c3c(c(O)c1C2=O)C[C@@](O)(C(C)=O)C[C@@H]3OC1CC(N)C(O)C(C)O1,0
XZNRWQBIKFBITL-UHFFFAOYSA-N,Clc1ccc(SCNc2ccccc2Cl)cc1,0
XYUNBULEZMRKTP-UHFFFAOYSA-N,CCOC(=O)N1CCN(c2ccc(Cl)cc2)CC1,0
MWFZDJLPWDCQIL-UHFFFAOYSA-N,CN1CCN(c2ccc([N+](=O)[O-])c3no[n+]([O-])c23)CC1,0
AYWLSIKEOSXJLA-UHFFFAOYSA-N,Nc1nc2c(ncn2COCCOP(=O)(O)OP(=O)(O)OP(=O)(O)O)c(=O)[nH]1,0
CPEUVMUXAHMANV-UHFFFAOYSA-N,COC(=O)Nc1nc2cc(C(=O)c3ccc(F)cc3)ccc2[nH]1,0
WGUAEYUFQLMYKF-UHFFFAOYSA-N,O=C(Nc1ccc(N2CCN(C(=O)c3ccccc3)CC2)cc1)c1ccc2c(c1)OCO2,0
UUIHVPRXEAWBPR-CGTJXYLNSA-N,CCCc1ccc(-c2cc3cn([C@H]4C[C@H](O)[C@@H](CO)O4)c(=O)nc3o2)cc1,0
KJESCRMXEKTEKR-UHFFFAOYSA-N,O=C(Nc1cccnc1)c1c(O)c2cccc3c2n(c1=O)CC3,0
RFRXIWQYSOIBDI-UHFFFAOYSA-N,CCc1oc2ccccc2c1C(=O)c1ccc(O)cc1,0
CCNNNCNYEOXXMF-UHFFFAOYSA-N,O=C(c1ccc(F)cc1)N1CCN2C(=O)c3ccccc3C12c1ccccc1,0
FHOZTGQNSUZCIN-UHFFFAOYSA-N,CC(C)(C)c1ccc(Oc2ccc(N)cc2)cc1,0
OAKPWEUQDVLTCN-NKWVEPMBSA-N,Nc1ncnc2c1ncn2[C@H]1CC[C@@H](COP(=O)(O)OP(=O)(O)OP(=O)(O)O)O1,0
IUEZDGHTYJEUOZ-UHFFFAOYSA-N,O=C(c1ccc(Br)s1)N1CCN(c2ccccn2)CC1,0
XRECTZIEBJDKEO-UHFFFAOYSA-N,Nc1nc(=O)[nH]cc1F,0
OZQDLJNDRVBCST-UHFFFAOYSA-N,Nc1cnn(C2OC(CO)C(O)C2O)c(=O)n1,0
ZLPWCJQFEROJQN-UHFFFAOYSA-N,Oc1ccc(NCc2ccccc2OCc2ccccc2)cc1,0
XJGRKLMNBUZKJE-UHFFFAOYSA-N,Cc1ccccc1NC(=O)NCCN1CC1,0
OPJAAOUABCWNKP-UHFFFAOYSA-N,COc1ccc(SCC(=O)N2c3ccccc3Sc3ccccc32)cc1,0
TXQDHEIXMMNOAS-UHFFFAOYSA-N,Cc1c(C(=O)NC2=NCCS2)oc2ccccc12,0
ZBNACESDSSHENJ-UHFFFAOYSA-N,OCc1ccc(O)c2ncccc12,0
UCFGDBYHRUNTLO-QHCPKHFHSA-N,CC[C@@]1(O)C(=O)OCc2c1cc1n(c2=O)Cc2cc3c(CN(C)C)c(O)ccc3nc2-1,0
WWDZIUDGOAWEQI-UHFFFAOYSA-N,O=C(c1cnsn1)N1CCN(c2ccccn2)CC1,0
BTIHMVBBUGXLCJ-OAHLLOKOSA-N,CC[C@H](CO)Nc1nc(NCc2ccccc2)c2ncn(C(C)C)c2n1,0
JVVXZOOGOGPDRZ-UHFFFAOYSA-N,CC(C)c1ccc2c(c1)CCC1C(C)(CN)CCCC21C,0
ZSMKPYXVUIWTCT-UHFFFAOYSA-N,Cc1ccc(S(=O)(=O)Nc2cccc3cccnc23)cc1,0
LIADJWREMDHKHQ-UHFFFAOYSA-N,O=Cc1ccc(O)c2ncccc12,0
YPEUOIUNZAFPQF-UHFFFAOYSA-N,Cc1cnc(SCc2ccc(Cl)cc2Cl)nc1O,0
NMUSYJAQQFHJEW-KVTDHHQDSA-N,Nc1ncn([C@@H]2O[C@H](CO)[C@@H](O)[C@H]2O)c(=O)n1,0
XFVMXPHMLRAJJB-UHFFFAOYSA-N,CC(C)=NNc1ncnc2[nH]cnc12,0
JDYGVUGEKCJOSG-UHFFFAOYSA-N,O=C1N=C(Nc2nc3ccccc3[nH]2)c2ccccc21,0
LULYZYNTDPUEKK-UHFFFAOYSA-N,NC(=O)c1c(N)sc2c1CCCCC2,0
KLAIFKHPSDRWRR-UHFFFAOYSA-N,Cn1c(=S)c2nc(SCCN3CCCC3)[nH]c2n(C)c1=O,0
BBMXMYSEICDMIK-UHFFFAOYSA-N,CCOC(=O)c1ccc(Nc2sc(C(=O)c3cccc([N+](=O)[O-])c3)c(N)c2C#N)cc1,0
OBCGYIKABKFIQB-SNVBAGLBSA-N,COc1ccc(SC(=O)N[C@H](CCC(=O)O)C(=O)O)cc1,0
HKRNYOZJJMFDBV-UHFFFAOYSA-N,COc1cc(NS(=O)(=O)c2ccc(C)cc2)c2ncccc2c1,0
LECZXZOBEZITCL-UHFFFAOYSA-N,Cc1nc(Nc2ccc(F)cc2)nc(N2CCc3ccccc3C2C)c1C,0
GHASVSINZRGABV-UHFFFAOYSA-N,O=c1[nH]cc(F)c(=O)[nH]1,0
MIKJQLWATXBRIP-UHFFFAOYSA-N,O=C(Nc1ccccc1C(=O)O)c1cccc(Oc2ccccc2)c1,0
XGTCMQWFALJKJB-UHFFFAOYSA-N,CCCCc1ccc(-c2nc(C)c(C(=O)OC)s2)cc1,0
GNZLUJQJDPRUTD-UHFFFAOYSA-N,Nc1ncnc2c1ncn2C1OC(COS(N)(=O)=O)C(O)C1O,0
IDBXTEOAGAQZPK-UHFFFAOYSA-N,O=C(Nc1ccccc1)N(Cc1cc(Br)ccc1O)c1ccc(F)cc1,0
JDBSZVDIUIRSDG-DAFODLJHSA-N,Fc1ccc2c(/C=C/c3nnn[nH]3)c[nH]c2c1,0
YKSGONVEZVJEHM-UHFFFAOYSA-N,COc1ccc(C2=CC(c3c(F)cccc3Cl)n3ncnc3N2)cc1,0
OBABDJMYPMAQEP-UHFFFAOYSA-N,Nc1nc(O)c2ncn(COC(CO)COP(=O)(O)OP(=O)(O)OP(=O)(O)O)c2n1,0
QTQAWLPCGQOSGP-VKNBREQOSA-N,COC1=C2C[C@@H](C)C[C@@H](OC)[C@@H](O)[C@H](C)/C=C(\C)[C@@H](OC(N)=O)[C@H](OC)/C=C\C=C(/C)C(=O)NC(=CC1=O)C2=O,0
MXZSROXOTCJLTP-UHFFFAOYSA-N,OCCCCn1cnc2c(O)nc(NCc3ccc(Cl)c(Cl)c3)nc21,0
BIBHQRGCGJCTRJ-UHFFFAOYSA-N,COc1ccc(CNC(=O)C(NS(=O)(=O)c2ccc3nc(C)sc3c2)C(C)C)cc1,0
PLGHARUUAPKQET-UHFFFAOYSA-N,Cc1ccc(N2CCC(CCOc3ccc(S(C)(=O)=O)cc3)CC2)nn1,0
YIQPUIGJQJDJOS-UHFFFAOYSA-N,c1cc(CN2CCCNCCNCCCNCC2)ccc1CN1CCCNCCNCCCNCC1,0
OMDANBMKOUVKAG-UHFFFAOYSA-N,C=Cc1cc(OC)c2c(c1)c(=O)oc1c2cc(OC)c2c(O)ccc(C3OC(C)C(O)C(C)(O)C3O)c21,0
DZBCEUTUWOWUDY-ZETCQYMHSA-N,CC[C@H](C)c1occ2c(O)c(C(=O)O)c(=O)cc-2c1C,0
CHVKPWIABFICLK-UHFFFAOYSA-N,Nc1ccnc(-c2ccccc2)c1,0
ZLNPXKSDQKJSIZ-GJGATLCTSA-N,O=C(O)c1ccc(-c2ccc(O[C@H]3O[C@H](CO)[C@@H](O)[C@H](O)[C@@H]3O)cc2)cc1,0
NMSQSTANKRXRFA-UHFFFAOYSA-N,O=C(COc1cccc(F)c1)Nc1nc(-c2ccccn2)cs1,0
XWPDPLDAULKTLE-UHFFFAOYSA-N,O=C(Nc1ccccc1)C1=C(Nc2ccccc2)CSC1,0
CERPSDUBSGDEHH-UHFFFAOYSA-N,CCc1c(O)nc2ccc(F)cc2c1OCC1CCC1,0
CSBCPPPIDPQKGP-UHFFFAOYSA-N,CSc1nc(C)c(Br)c(N2CC2)n1,0
ZLULGZHCEBJTDZ-UHFFFAOYSA-N,O=C(O)C(=O)Nc1nc[nH]n1,0
QSUSKMBNZQHHPA-UHFFFAOYSA-N,OCCC#Cc1nc(-c2ccc(F)cc2)c(-c2ccncc2)n1CCCc1ccccc1,0
YTQNZGHPUXHBMQ-UHFFFAOYSA-N,O=C(NCc1ccc(F)cc1)c1c(O)c2ncccc2[nH]c1=O,0
FZZLPTYUKLCVJS-UHFFFAOYSA-N,O=[N+]([O-])c1cn(Cc2nc(O)nc(O)c2Br)cn1,0
RNDFIDUOVAGOQF-DCIPZJNNSA-N,COc1ccccc1/C=C/C(=O)/C=C/c1ccccc1O,0
WIFDOUQOJULUSV-UHFFFAOYSA-N,O=C(CCCC(F)(F)F)N1CCC(c2nc(-c3nccs3)no2)CC1,0
OQBWPSLLJDBFNI-UHFFFAOYSA-N,Nc1nc(C(F)(F)F)cc2c1[nH]c(=O)n2Cc1ccccc1,0
AGOYDEPGAOXOCK-KCBOHYOISA-N,CC[C@H]1OC(=O)[C@H](C)[C@@H](O[C@H]2C[C@@](C)(OC)[C@@H](O)[C@H](C)O2)[C@H](C)[C@@H](O[C@@H]2O[C@H](C)C[C@H](N(C)C)[C@H]2O)[C@](C)(OC)C[C@@H](C)C(=O)[C@H](C)[C@@H](O)[C@]1(C)O,0
OIJRIPURQCGXNN-HAVVHWLPSA-N,CCO/N=C/c1ccc(OCCCCN2CCN(c3ccncc3)C2=O)cc1,0
PHBOMRBJHZFDHA-UHFFFAOYSA-N,CCc1cc(CCC(=O)Nc2ccccc2O)c(O)nc1C,0
FLNYLINBEZROPL-NSOVKSMOSA-N,COc1ccccc1CN[C@H]1C2CCN(CC2)[C@H]1C(c1ccccc1)c1ccccc1,0
CWKMPZOEUOYQAU-UHFFFAOYSA-N,CCc1c(C)nc2sc(C(N)=O)c(N)c2c1C,0
XYMOGNZVKMQGSM-UHFFFAOYSA-N,CN(C)CCC(=O)c1ccc(F)cc1,0
RHNVLFNWDGWACV-UHFFFAOYSA-N,CC1Oc2cc3c(-c4c(O)cc(O)c5c(O)c6c(cc45)OC(C)C(C)C6=O)c(O)cc(O)c3c(O)c2C(=O)C1C,0
MPNGLQDRSJNLPL-UHFFFAOYSA-N,O=C(CSc1nnc(Br)n1-c1ccc(C2CC2)c2ccccc12)Nc1ccc(C(=O)O)cc1Cl,0
ZBHUCEVJOSCQTF-UHFFFAOYSA-N,O=C(Nc1nnc(-c2ccc(Cl)cc2)o1)c1cccc(C(F)(F)F)c1,0
VKALDCMAEMVTMA-UHFFFAOYSA-N,CN1c2ccc(Cl)cc2N(c2ccccc2)C(=O)c2cn(Cc3ccc(CN4CCOCC4)cc3)nc21,0
RXVFRMXAXTXYKU-UHFFFAOYSA-N,CN1C(=O)C(c2ccccc2)C(=O)N(c2ccccc2)c2cc(C(F)(F)F)ccc21,0
ALCSZUCTAIXDEP-UHFFFAOYSA-N,NS(=O)(=O)c1ccc(NC(=O)NC(c2ccccc2)c2ccccc2)cc1,0
YULUCECVQOCQFQ-UHFFFAOYSA-N,NCC(=O)Nc1ccc(-n2nc(C(F)(F)F)cc2-c2ccc3c(ccc4ccccc43)c2)cc1,0
ARDZNPZYNMTXDH-UHFFFAOYSA-N,CC(C)(C)c1ccc(C(Cn2cccc(C(F)(F)F)c2=O)NC2Cc3ccccc3C2)cc1,0
ZURYXKJPYBCOQQ-UHFFFAOYSA-N,CCCCOC(=O)Nc1cc2nc(C3CCCCC3)[nH]c2cc1N(CC)CC,0
VNLZITFPXUJXMB-PIKOESSRSA-N,Cc1ccc(C)c(OCCCCCCN2C[C@H](O)[C@@H](O)[C@H](O)[C@H]2CO)c1,0
KSQKYYBTKYZZEJ-LLVKDONJSA-N,C[C@@H](NC(=O)c1ccccc1-c1ccccc1)B(O)O,0
STZYTFJPGGDRJD-NHUWBDDWSA-N,C=C[C@]1(C)C[C@@H](OC(=O)CS[C@@H]2C[C@H]3CC[C@@H](C2)N3C)[C@]2(C)[C@H](C)CC[C@]3(CCC(=O)[C@H]32)[C@@H](C)[C@@H]1O,0
HTMLSKJOADXYEX-UHFFFAOYSA-N,CC(=O)N1c2ccccc2NC2=C(C(=O)CC(C)(C)C2)C1c1ccc(OCc2ccccc2)cc1,0
JFPVXVDWJQMJEE-QMTHXVAHSA-N,CON=C(C(=O)N[C@@H]1C(=O)N2C(C(=O)O)=C(COC(N)=O)CS[C@H]12)c1ccco1,0
WHPVVFZPXKODBB-UHFFFAOYSA-N,Oc1c(C(Nc2ccccn2)c2ccccc2)ccc2cccnc12,0
VYYRJGKHDDYUGK-UHFFFAOYSA-N,CCN(CC)c1ccc(C(=C2C=CC(=[N+](CC)CC)C=C2)c2ccc(N(CC)CC)cc2)cc1,0
UZJAIYJXBYWENR-AREMUKBSSA-N,O=C(O)COc1cccc2c1CC[C@](O)(COC(=O)N(c1ccccc1)c1ccccc1)C2,0
NNTYBKTXMKBRFA-CQSZACIVSA-N,O=c1cc(NCCCN[C@@H]2CCOc3c(Br)cc(Br)cc32)[nH]c2ccsc12,0
FRBRHPUZSWIODD-UHFFFAOYSA-N,Cc1ccc([S+]([O-])c2ccc([N+](=O)[O-])c3nonc23)cc1,0
ZUASFFBDGJGAQI-BXKDBHETSA-N,CC(=O)N[C@H](C)C(=O)N[C@H](Cc1ccccc1)C(=O)O,0
BPLBGHOLXOTWMN-UHFFFAOYSA-N,CC1(C)SC2C(NC(=O)COc3ccccc3)C(=O)N2C1C(=O)O,0
IUPDQKLAXUTBLE-UHFFFAOYSA-N,Cn1c2ccccc2c2ccc3c(c21)C(=O)C=CC3=O,0
FYCLDNIGWUYSFQ-UHFFFAOYSA-O,Cc1c2cc[n+](CCN3CCCCC3)cc2c(C)c2c1[nH]c1ccc(O)cc12,0
PNCKVMGGVODNEF-UHFFFAOYSA-N,O=C1C(Cl)=C(NCCc2ccccc2)C(=O)c2ccccc21,0
GKNPSSNBBWDAGH-UHFFFAOYSA-N,C[N+]1(C)CCCC(OC(=O)C(O)(c2ccccc2)c2ccccc2)C1,0
UJQGBYRKCZQJJS-UHFFFAOYSA-N,O=C(Nc1ccc(C2=NCCN2)cc1)c1ccc(C(=O)Nc2ccc(C3=NCCN3)cc2)c(Cl)c1,0
DTOULAIVSVXJDX-QFIPXVFZSA-N,CC[C@@]1(O)C(=O)OCc2c1cc1n(c2=O)Cc2cc3c(NC(=O)CN)cccc3nc2-1,0
SFAMFMRSBAURBQ-UHFFFAOYSA-N,Cn1cnc([N+](=O)[O-])c1S(=O)(=O)Oc1cccc2ccccc12,0
DOMXUEMWDBAQBQ-WEVVVXLNSA-N,CN(C/C=C/C#CC(C)(C)C)Cc1cccc2ccccc12,0
FJAZFZVVYUKQSH-UHFFFAOYSA-N,O=C1C=C(c2ccccc2)S(=O)(=O)c2ccccc21,0
ACDFWSNAQWFRRF-VWLOTQADSA-N,Cc1[nH]c2ccccc2c1CC(=O)N[C@@H](Cc1ccccc1)C(=O)N(C)c1ccccc1,0
CYMXZVQAGCGDHU-UHFFFAOYSA-N,COc1ccc2c(c1)cc(CNC(=O)c1cc3ccccc3o1)n2CC(=O)O,0
CTSPAMFJBXKSOY-UHFFFAOYSA-N,Cc1c2ccncc2c(C)c2c1[nH]c1ccccc12,0
QRJJEGAJXVEBNE-HKOYGPOVSA-N,Clc1ccc(CO/N=C(\Cn2ccnc2)c2ccc(Cl)cc2Cl)c(Cl)c1,0
XDXDZDZNSLXDNA-TZNDIEGXSA-N,CC(=O)[C@]1(O)Cc2c(O)c3c(c(O)c2[C@@H](O[C@H]2C[C@H](N)[C@H](O)[C@H](C)O2)C1)C(=O)c1ccccc1C3=O,0
AOJJSUZBOXZQNB-VTZDEGQISA-N,COc1cccc2c1C(=O)c1c(O)c3c(c(O)c1C2=O)C[C@@](O)(C(=O)CO)C[C@@H]3O[C@H]1C[C@H](N)[C@@H](O)[C@H](C)O1,0
LEZWWPYKPKIXLL-UHFFFAOYSA-N,Clc1ccc(COC(Cn2ccnc2)c2ccc(Cl)cc2Cl)cc1,0
KIINCJUBHNNLMK-UHFFFAOYSA-N,N=C(N)Nc1nc(-c2c[nH]c3ccccc23)cs1,0
RCGCZPXSRLLKCK-UHFFFAOYSA-N,O=P(O)(O)C(CCCc1cccc(Oc2ccccc2)c1)S(=O)(=O)O,0
AQQGCGUVPKXMDD-UHFFFAOYSA-N,O=C(CP(=O)(O)O)NCCc1cccc(Oc2ccccc2)c1,0
GHVRAPBHFZUHHM-UHFFFAOYSA-N,COc1ccc(C(C)(C)C)cc1NC(=O)C(=O)c1ccc(OCCN2CCOCC2)c2ccccc12,0
ZCJHPTKRISJQTN-UHFFFAOYSA-N,CC1OC(CC(=O)O)CC2=C1C(=O)c1c(O)cccc1C2=O,0
JKNUDHUHXMELIJ-UHFFFAOYSA-N,COc1ccccc1NC(=O)c1ccccc1Sc1ccc([N+](=O)[O-])cc1,0
CWXYHOHYCJXYFQ-UHFFFAOYSA-N,O=C(O)CCNC(=O)c1ccccc1,0
UXKNAXNFIYFMIB-UHFFFAOYSA-N,Cc1ncc(C)c(N)n1,0
VKHAHZOOUSRJNA-GCNJZUOMSA-N,CC#C[C@]1(O)CC[C@H]2[C@@H]3CCC4=CC(=O)CCC4=C3[C@@H](c3ccc(N(C)C)cc3)C[C@@]21C,0
VGYFMXBACGZSIL-MCBHFWOFSA-N,O=C(O)C[C@H](O)C[C@H](O)/C=C/c1c(C2CC2)nc2ccccc2c1-c1ccc(F)cc1,0
SEERZIQQUAZTOL-ANMDKAQQSA-N,COCc1c(C(C)C)nc(C(C)C)c(/C=C/[C@@H](O)C[C@@H](O)CC(=O)O)c1-c1ccc(F)cc1,0
SEHFUALWMUWDKS-UHFFFAOYSA-N,O=C(O)c1[nH]c(=O)[nH]c(=O)c1F,0
KDLRVYVGXIQJDK-AWPVFWJPSA-N,CCC[C@@H]1C[C@@H](C(=O)N[C@@H]([C@H]2O[C@H](SC)[C@H](O)[C@@H](O)[C@H]2O)[C@H](C)Cl)N(C)C1,0
XXMDDBVNWRWNCW-UHFFFAOYSA-N,COc1ccc(OCc2ccc(COc3c(Cl)cccc3Cl)cc2)c(Cl)c1,0
XGYYVDZJWSDWDE-IBGZPJMESA-N,CN(O)C(=O)c1cc2c(CN3CCC[C@H]3C(N)=O)cn(Cc3ccc(F)cc3)c2cn1,0
FWYSMLBETOMXAG-QHCPKHFHSA-N,COc1cccc(N2CCN(C3=Nc4c(F)cccc4[C@H](CC(=O)O)N3c3cc(C(F)(F)F)ccc3OC)CC2)c1,0
KADGSGKDRXSVOE-UHFFFAOYSA-N,O=c1cc(Nc2ccc3ccccc3c2)[nH]c(=O)[nH]1,0
PQLXHQMOHUQAKB-UHFFFAOYSA-N,CCCCCCCCCCCCCCCCOP(=O)([O-])OCC[N+](C)(C)C,0
QGCUBJONLOMFPY-UHFFFAOYSA-N,Nc1nc(NC2Cc3ccc(F)cc3C2)nc(N2CCCCC2)n1,0
JBIWCJUYHHGXTC-AKNGSSGZSA-N,C[C@H]1c2cccc(O)c2C(=O)C2=C(O)[C@]3(O)C(=O)C(C(N)=O)=C(O)[C@@H](N(C)C)[C@@H]3[C@@H](O)[C@@H]21,0
CSKDFZIMJXRJGH-VWLPUNTISA-N,O=C(NN1C(=O)[C@@H]2[C@@H]3C=C[C@@H]([C@H]4C[C@@H]34)[C@@H]2C1=O)c1ccc(C(F)(F)F)cc1,0
WZOZEZRFJCJXNZ-ZBFHGGJFSA-N,CO[C@@]1(NC(=O)Cc2cccs2)C(=O)N2C(C(=O)O)=C(COC(N)=O)CS[C@@H]21,0
NHYDBJFGZCQFEO-UHFFFAOYSA-N,Cn1c2ccccc2c(=O)c2c(O)cccc21,0
QCHFTSOMWOSFHM-WPRPVWTQSA-N,CC[C@@H]1C(=O)OC[C@@H]1Cc1cncn1C,0
RFHAOTPXVQNOHP-UHFFFAOYSA-N,OC(Cn1cncn1)(Cn1cncn1)c1ccc(F)cc1F,0
IYIKLHRQXLHMJQ-UHFFFAOYSA-N,CCCCc1oc2ccccc2c1C(=O)c1cc(I)c(OCCN(CC)CC)c(I)c1,0
USZYEMBPSMQPPK-BQJQTIKASA-N,O=C(O)/C=C/C=C/c1cccc(Oc2cc(Cl)cc(Cl)c2)c1,0
ABJKWBDEJIDSJZ-UHFFFAOYSA-N,CN(Cc1ccc(C(C)(C)C)cc1)Cc1cccc2ccccc12,0
SJFBDIJRNXAXRM-UHFFFAOYSA-N,Fc1ccc(-c2nc(-c3c[nH]c4ccc(Br)cc34)[nH]c2-c2ccc(F)cc2)cc1,0
AXQWSKSKNKFXCX-LOSGSANQSA-N,CC(C)CCN1C(=O)C(C2=NS(=O)(=O)c3cc(NS(C)(=O)=O)ccc3N2)=C(O)[C@@H]2[C@H]3CC[C@H](C3)[C@@H]21,0
ZRZPQNCNBISJFG-UHFFFAOYSA-N,O=S(=O)(NCB(O)O)c1cc2c(Cl)ccc(Cl)c2s1,0
BZLJSLREZDBQBR-UHFFFAOYSA-N,CCOC(=O)C1=C(C)OC(N)=C(C#N)C1c1ccc(Cl)cc1,0
VNFPBHJOKIVQEB-UHFFFAOYSA-N,Clc1ccccc1C(c1ccccc1)(c1ccccc1)n1ccnc1,0
AFAJICOLCSMWIM-UHFFFAOYSA-N,Nc1ccc(-c2nc3cc(C(F)(F)F)ccc3n2C23CC4CC(CC(C4)C2)C3)cc1,0
CANIQNSGHHQOOR-UHFFFAOYSA-N,Clc1cc2nc(C3CCNCC3)n(Cc3ccc(CNCCc4c[nH]cn4)cc3)c2cc1Cl,0
IKYRKAUVHXFIEV-UHFFFAOYSA-N,CN(C(=O)C1(c2ccc(Cl)cc2)CCC1)c1ccccc1,0
OLNTVTPDXPETLC-XPWALMASSA-N,O=C1[C@H](CC[C@H](O)c2ccc(F)cc2)[C@@H](c2ccc(O)cc2)N1c1ccc(F)cc1,0
HSSLDCABUXLXKM-UHFFFAOYSA-N,O=c1ccc2nc3ccc(O)cc3oc-2c1,0
CPQPZEJHVYXXIM-UHFFFAOYSA-N,CCN(CC)CCn1c(=N)n(CC(O)COc2ccc(Cl)cc2Cl)c2ccccc21,0
JWYOAMOZLZXDER-UHNVWZDZSA-N,N[C@H]1CCC[C@H]1C(=O)O,0
DQYZOVKMAQJKBZ-UHFFFAOYSA-N,Nc1cccc(-c2nc(N)nc(NC3Cc4ccccc4C3)n2)c1,0
QWAXKHKRTORLEM-UGJKXSETSA-N,CC(C)(C)NC(=O)[C@@H]1C[C@@H]2CCCC[C@@H]2CN1C[C@@H](O)[C@H](Cc1ccccc1)NC(=O)[C@H](CC(N)=O)NC(=O)c1ccc2ccccc2n1,0
PVYJZLYGTZKPJE-UHFFFAOYSA-N,COC1=C(N)C(=O)c2nc(-c3nc(C(=O)O)c(C)c(-c4ccc(OC)c(OC)c4O)c3N)ccc2C1=O,0
SIBDJDZVNXVLEX-QGZVFWFLSA-N,C[C@@H](NC(=O)c1cccc(-c2cnc(-c3cc4ccccc4cn3)[nH]2)c1)c1ccc(F)cc1,0
MDOJTZQKHMAPBK-UHFFFAOYSA-N,NC(=O)c1ccc(I)c([N+](=O)[O-])c1,0
FJAQNRBDVKIIKK-UHFFFAOYSA-N,COC1C(OC(=O)c2ccc(C)[nH]2)C(O)C(Oc2ccc3c(O)c(NC(=O)c4ccc(O)c(CC=C(C)C)c4)c(=O)oc3c2Cl)OC1(C)C,0
NTMTVRCCLOAJST-LJQANCHMSA-N,COc1ccc(CNC(=O)C2CCN([C@H](C)c3cccc4ccccc34)CC2)cc1,0
DDFOUSQFMYRUQK-RCDICMHDSA-N,C[C@@H](c1nc(-c2ccc(C#N)cc2)cs1)[C@](O)(Cn1cncn1)c1cc(F)ccc1F,0
QMRFKZWWZBZQKJ-UHFFFAOYSA-N,N=c1n(CCN2CCCCC2)c2ccccc2n1CC(O)COc1ccc(Cl)cc1Cl,0
MKGDNVHZSCXBKR-KYVQNOJUSA-N,CCCCN1C[C@H](OC(=O)CCC)[C@@H](OC(=O)CCC)[C@H](OC(=O)CCC)[C@H]1COC(=O)CCC,0
NOYPYLRCIDNJJB-UHFFFAOYSA-N,COc1cc(NCc2ccc3nc(N)nc(N)c3c2C)cc(OC)c1OC,0
MMAKATGSYRJQPM-UHFFFAOYSA-N,Cc1cc(CCOc2c(C)cc(-c3nnn(C)n3)cc2C)on1,0
TYZROVQLWOKYKF-ZDUSSCGKSA-N,CC(=O)NC[C@H]1CN(c2ccc(N3CCOCC3)c(F)c2)C(=O)O1,0
CJXAEXPPLWQRFR-UHFFFAOYSA-N,Clc1ccc(Cn2c(CN3CCCC3)nc3ccccc32)cc1,0
JLKSRLWXOIXKNK-UHFFFAOYSA-N,COc1ccc(-n2cnc3cc(NCc4ccco4)ccc32)cc1,0
CKFBIYVXNYYXAI-UHFFFAOYSA-N,COc1ccc2nc(-c3ccccc3)cc(O)c2c1,0
SCKYRAXSEDYPSA-UHFFFAOYSA-N,Cc1cc(C2CCCCC2)n(O)c(=O)c1,0
PWKVTTYAAUTDHI-UHFFFAOYSA-N,O=C1C=C(c2ccccc2)OC(=O)C1C(=O)c1ccccc1,0
VKLJPGAHSLIQKH-UHFFFAOYSA-N,OC(c1cc(-c2ccc(Cl)cc2)nc2ccccc12)C1CCCCN1,0
CFFXRIUELQDINN-UHFFFAOYSA-N,CCN1CCN(Cc2nc3ccc([N+](=O)[O-])cc3c(=O)n2-c2ccccc2F)CC1,0
WJOHCSADJQUMCX-UHFFFAOYSA-N,O=[N+]([O-])c1cc(F)c2cccnc2c1O,0
FDTZUTSGGSRHQF-UHFFFAOYSA-N,O=C(Nc1ncc([N+](=O)[O-])s1)c1ccccc1O,0
PDXRTRJOMOJYDE-UHFFFAOYSA-N,c1cc2c(cc1C1=NN=C(NC3CC3)SC1)OCCO2,0
XSKKWZTWZQFYNU-UHFFFAOYSA-N,Nc1c(C(=O)NCc2ccco2)c2nc3ccccc3nc2n1CCN1CCCCC1,0
PFAYJJZRASFRBB-UHFFFAOYSA-N,Nc1nc(N)c2cc(Sc3ccc4ccccc4c3)ccc2n1,0
PKUYZMYEHWGCMG-UHFFFAOYSA-N,Cc1ccnc(NC(c2ccccc2)c2ccc3cccnc3c2O)c1,0
SHROFEJUFCHXOJ-UHFFFAOYSA-N,O=C(Nc1ccc(Cl)c(Cl)c1)Nc1ccc([N+](=O)[O-])cn1,0
WDFKMLRRRCGAKS-UHFFFAOYSA-N,Oc1c(Cl)cc(Cl)c2cccnc12,0
SVRNCBGWUMMBQB-UHFFFAOYSA-N,Oc1cccc2nc3ccccc3nc12,0
QDBVSOZTVKXUES-UHFFFAOYSA-N,CN(C)CCCNC(=O)c1ccc(-c2cc(O)c3ncccc3c2)cc1,0
VZJMIYLTPATHJF-UHFFFAOYSA-N,N=C(Nc1nc(-c2ccccn2)cc2ccccc12)c1ccccn1,0
GLWHPRRGGYLLRV-XLPZGREQSA-N,Cc1cn([C@H]2C[C@H](N=[N+]=[N-])[C@@H](COP(=O)(O)OP(=O)(O)OP(=O)(O)O)O2)c(=O)[nH]c1=O,0
VVLHURRVXVQCTO-UHFFFAOYSA-N,CS(=O)(=O)c1ccc(Oc2ccc(Cl)cc2)cc1,0
ULUGRMVVZIBKKS-IAQSFYBOSA-N,CCOC(=O)/C=C/[C@H](C[C@@H]1CCNC1=O)NC(=O)[C@H](CC)n1cccc(NC(=O)c2cc(C)on2)c1=O,0
QPWJAIUKYMKWGA-UHFFFAOYSA-N,O=Nc1c(-c2cccc([N+](=O)[O-])c2)nc2ncccn12,0
BTKJERIPZCSYFB-UHFFFAOYSA-N,Cc1nc2ccc(Cl)cc2c(-c2ccccc2)c1CC(=O)O,0
WQJZXSSAMGZVTM-UHFFFAOYSA-N,COc1c(F)c(F)cc2c(=O)c(C(=O)O)cn(C3CC3)c12,0
UUVFMWBOSPFVIZ-UHFFFAOYSA-N,Oc1cccc(C(Nc2nccs2)c2ccc3cccnc3c2O)c1,0
HLIBKNKTKXMTBG-UHFFFAOYSA-N,CC(C)n1cnc2c(NCc3ccccc3)nc(NCc3ccccc3)nc21,0
JGSARLDLIJGVTE-UHFFFAOYSA-N,CC1(C)SC2C(NC(=O)Cc3ccccc3)C(=O)N2C1C(=O)O,0
NHZLNPMOSADWGC-UHFFFAOYSA-N,Nc1ccc(S(=O)(=O)Nc2cnc3ccccc3n2)cc1,0
OFVLGDICTFRJMM-WESIUVDSSA-N,CN(C)[C@@H]1C(O)=C(C(N)=O)C(=O)[C@@]2(O)C(O)=C3C(=O)c4c(O)cccc4[C@@](C)(O)[C@H]3C[C@@H]12,0
HFDQYYVFVKIRDR-UHFFFAOYSA-N,CC1CN(c2ncnc3c2c(-c2ccccc2)cn3-c2ccc(F)cc2)CC(C)O1,0
RAGOYPUPXAKGKH-XAKZXMRKSA-N,CC[C@@H]([C@H](C)O)n1ncn(-c2ccc(N3CCN(c4ccc(OC[C@@H]5CO[C@@](Cn6cncn6)(c6ccc(F)cc6F)C5)cc4)CC3)cc2)c1=O,0
SPNKLYOUOJJHBK-UHFFFAOYSA-N,O=[N+]([O-])c1cnc(Sc2ccncn2)s1,0
PXPXXPJORACKKN-UHFFFAOYSA-N,Cc1cc2nc(CS)[nH]c2cc1C,0
GFPQLUUZCWNZOM-UHFFFAOYSA-N,C=C(C)n1c(=O)n(Cc2ccccc2C)c2ccccc21,0
HWJPWWYTGBZDEG-UHFFFAOYSA-N,COc1cc(Cc2cnc(N)nc2N)c2c(c1OC)OC(C1CC1)C=C2,0
UXZRTYHETXEXGZ-UHFFFAOYSA-N,O=C(Nc1nnc(-c2ccc(Cl)cc2)o1)c1nc2ccccc2s1,0
KUBNLSZSAIOAMS-UHFFFAOYSA-N,O=C(Nc1ccc(Nc2ccncc2)cc1)c1ccc(Nc2ccnc3ccc([N+](=O)[O-])cc23)cc1,0
WDQPAMHFFCXSNU-BGABXYSRSA-N,CC(C)/N=c1\cc2n(-c3ccc(Cl)cc3)c3ccccc3nc-2cc1Nc1ccc(Cl)cc1,0
AREVUFJFOXNHIR-UHFFFAOYSA-N,c1ccc2nc(OCCN3CC3)ccc2c1,0
NCZJJFNYBODBAF-UHFFFAOYSA-N,O=C(NCc1ccccc1Cl)c1cnc2ccccc2n1,0
APLDNAXBEDLBDA-UHFFFAOYSA-N,CCN1CCCC(Sc2nc3c(=S)n(C)c(=O)n(C)c3[nH]2)C1,0
AVKUERGKIZMTKX-UHFFFAOYSA-N,CC1(C)SC2C(NC(=O)C(N)c3ccccc3)C(=O)N2C1C(=O)O,0
VQPWOYBOPXVVDI-UHFFFAOYSA-N,Cc1cccc(OCC(O)Cn2ccnc2C)c1,0
JLZYNCFEAOBCAX-UHFFFAOYSA-N,O=C(Nc1ccc(C2=NCCN2)cc1)c1ccc(Cl)c(C(=O)Nc2ccc(C3=NCCN3)cc2)c1,0
CMIBCLNTDXWVDH-UHFFFAOYSA-N,Oc1c(CN2CCN(c3ccccc3)CC2)cc(Br)c2cccnc12,0
MEFFWHUBVHSLML-UHFFFAOYSA-N,Cc1c(N2CCCC2)cc2c(c1NC(=O)c1ccccc1Cl)C(C)(C)CC2(C)C,0
OOQFUDGMLSSZNX-UHFFFAOYSA-N,COc1ccc(NC(=O)c2cc3ccccn3n2)cc1,0
OAVULPOOAHQYDZ-UHFFFAOYSA-N,Nc1nnc(-c2ccc(Cl)cc2)s1,0
ZQPDAPMBUZDSAO-UHFFFAOYSA-N,O=c1[nH]c(=O)n(Cc2cccc(Oc3ccccc3)c2)cc1Nc1ccccc1,0
URVCVNNBOXIDES-UHFFFAOYSA-N,Cc1ccn2c(C(=O)NCc3ccccc3)c(C)nc2c1,0
IENZQIKPVFGBNW-UHFFFAOYSA-N,COc1cc2nc(N3CCN(C(=O)c4ccco4)CC3)nc(N)c2cc1OC,0
NVWVTNCSPUWFDT-UHFFFAOYSA-N,CC(C)(C)c1ccc(OCCn2nc(C(=O)O)c3ccccc3c2=O)cc1,0
YHSMSRREJYOGQJ-UHFFFAOYSA-N,CCCCCCCCCOc1ccc2[nH]cc(CCN)c2c1,0
XIPRBTBTNIAVMG-UHFFFAOYSA-N,COc1cccc(-n2nnnc2S(C)(=O)=O)c1,0
FSOQDJAHSRUDCZ-UHFFFAOYSA-N,Cc1cc2cc3c(O)nc(O)nc3nc2cc1C,0
DJYPPKXJBSHHDF-UHFFFAOYSA-N,CC(C)Nc1ncnc2c1cnn2-c1ccc(Cl)cc1,0
YUOOWNPVFAMPNZ-UHFFFAOYSA-N,O=C(Nc1ccc(Nc2ccncc2)cc1)c1ccc(Nc2ccnc3ccc([N+](=O)[O-])cc23)cc1[N+](=O)[O-],0
GCXWAEJLLFKQFQ-UHFFFAOYSA-N,CCOc1ccc(C(=O)NCCc2ccccc2)cc1,0
OVUDUJKNHDOXEX-UHFFFAOYSA-N,N#Cc1cc([N+](=O)[O-])ccc1Oc1ccccc1Cl,0
TYHDHPUAOQCPDZ-UHFFFAOYSA-N,CCCCc1ccc(S(=O)(=O)Nc2cc(C)on2)cc1,0
FYEMGAFBYLDQQO-UHFFFAOYSA-N,O=C(NCc1ccc2c3c(cccc13)C(=O)N2)c1cccs1,0
NJCJBUHJQLFDSW-UHFFFAOYSA-N,CN1CCN(c2c(F)cc3c(=O)c(C(=O)O)cn4c3c2SCC4)CC1,0
UCTWSKPOBKSLHG-UHFFFAOYSA-N,CC(c1cc(Cl)cc(Cl)c1)N(C)c1ncc2c(N)nc(N)nc2n1,0
SCTKIRVLFRCMEU-AREMUKBSSA-N,O=C(N[C@H](Cc1cccc2ccccc12)C(=O)NCCc1c[nH]cn1)C1Cc2ccccc2C1,0
YTRMTPPVNRALON-UHFFFAOYSA-N,O=C(O)c1cc(-c2ccccc2)nc2ccccc12,0
ZQMPUWBQWRAQIQ-UHFFFAOYSA-N,COc1cc(Cc2cc(N)nc(N)n2)cc(OC)c1OC,0
AMQWKZUAOLLUPP-UHFFFAOYSA-N,Nc1nc(N)c2c(ccc3[nH]ccc32)n1,0
OPAKEJZFFCECPN-XQRVVYSFSA-N,O=C(/C=C\n1cnc(-c2cc(C(F)(F)F)cc(C(F)(F)F)c2)n1)NNc1ccccn1,0
ZETCXKVUHXHOLJ-UHFFFAOYSA-N,CC(C)c1ccc(COc2cccc(-c3cc([S+](C)[O-])c(C#N)c(=O)[nH]3)c2)cc1,0
WJAMFZVSJYMDDT-UHFFFAOYSA-N,O=C(Nc1ncc(Cc2cccc3ccccc23)s1)C1CCCCC1,0
HTLITQCTVJDOQP-UHFFFAOYSA-N,CC(Oc1ccc(Cl)cc1Cl)C(=O)NCc1ccc2c(c1)OCO2,0
IWUCXVSUMQZMFG-UHFFFAOYSA-N,NC(=O)c1ncn(C2OC(CO)C(O)C2O)n1,0
CITLGGQQUFMBKB-UHFFFAOYSA-N,CC1(C)Cc2c(C#N)c(SCCc3ccccc3)nc(N3CCOCC3)c2CO1,0
UQCSYEMAYJXJNE-UHFFFAOYSA-N,Cc1nn2c(=O)c3c([nH]c2c1-c1ccc(Cl)cc1)CCCC3,0
SPULCWPTJVFEOS-UHFFFAOYSA-N,CCN(CC)S(=O)(=O)c1ccc(C(=O)Nc2cc(C)nn2-c2nc(C)c(C)c(=O)[nH]2)cc1,0
QAMWJUVXVPHXEK-UHFFFAOYSA-N,NC(=O)C1CCN(c2ccnc3cc(Br)ccc23)C1,0
LSNKWEWHGABPNH-UHFFFAOYSA-N,CC(=O)Nc1cc(NS(=O)(=O)c2ccc(Cl)cc2)cc2c(Cl)[nH]nc12,0
QZPQTZZNNJUOLS-UHFFFAOYSA-N,CC1(C)CCC2=C(O1)c1ccccc1C(=O)C2=O,0
PXZXYRKDDXKDTK-UHFFFAOYSA-N,c1cnc(NCc2ccc(CNc3ncccn3)cc2)nc1,0
LCQSRPGLBHQFNF-UHFFFAOYSA-N,Cn1c(=O)c2c(S(C)(=O)=O)snc2n(C)c1=O,0
XBISYWZDDQVGLM-UHFFFAOYSA-N,CC(=O)NCC1CN(c2ccc(-c3ccc(CO)cc3)c(F)c2)C(=O)O1,0
VSWDTAUHSHNDKE-UHFFFAOYSA-N,O=[N+]([O-])c1ccc2c(CCc3c[nH]c4ccccc34)c[nH]c2c1,0
XZOKDXWQSCIKCM-UHFFFAOYSA-N,NC(=S)c1cn(C2OC(CO)C(O)C2O)c2ncnc(N)c12,0
MHQDTOHVMGQLTE-VHSXEESVSA-N,C[C@@]1(N)C[C@H]1c1ccccc1,0
YBSDQTBCNYWBMX-ONEGZZNKSA-N,Fc1ccc2c(/C=C/c3cccnc3)c[nH]c2c1,0
GBOYJIHYACSLGN-UHFFFAOYSA-N,O=C(NCc1ncc(C(F)(F)F)cc1Cl)c1c(Cl)cccc1Cl,0
AOJJSUZBOXZQNB-TZSSRYMLSA-N,COc1cccc2c1C(=O)c1c(O)c3c(c(O)c1C2=O)C[C@@](O)(C(=O)CO)C[C@@H]3O[C@H]1C[C@H](N)[C@H](O)[C@H](C)O1,0
WKSAUQYGYAYLPV-UHFFFAOYSA-N,CCc1nc(N)nc(N)c1-c1ccc(Cl)cc1,0
KJEUORQIESDSSV-UHFFFAOYSA-N,O=S(=O)(NCB(O)O)c1ccc(-c2nnn[nH]2)cc1C(F)(F)F,0
XDRYMKDFEDOLFX-UHFFFAOYSA-N,N=C(N)c1ccc(OCCCCCOc2ccc(C(=N)N)cc2)cc1,0
GRHYZVJEXKTJOS-UHFFFAOYSA-N,FC(F)(F)c1cc(C(F)(F)F)c2ccc3nc(-c4nnco4)cn3c2n1,0
LBEJUQWGEGOTNX-UHFFFAOYSA-N,COc1ccc2nccc(NC(=O)C3CCN(CCc4ccc(Cl)cc4)CC3)c2n1,0
XKORDZUSKUKORP-UHFFFAOYSA-N,NC(CC(=O)c1ccc(Cl)cc1Cl)C(Cl)(Cl)Cl,0
NSJSZWWHLTXYLL-GOSISDBHSA-N,O=C1O[C@@H](CO)CN1c1cc(F)c(C2=CCN(Cc3ccccc3)CC2)c(F)c1,0
MDRCPEBMFQYFCX-UHFFFAOYSA-N,CN1CCN(CCCOc2ncc(Nc3ncc(-c4ccc(C(F)(F)F)c(F)c4)nc3C(N)=O)cn2)CC1,0
IDUYJRXRDSPPRC-NRFANRHFSA-N,O[C@@](Cn1cnnn1)(c1ccc(F)cc1F)C(F)(F)c1ccc(-c2ccc(OCC(F)(F)F)cc2)cn1,0
VLNZGUJFOJIUFV-UHFFFAOYSA-N,O=C(O)CSc1cc(NS(=O)(=O)c2cccc3cccnc23)c2ccccc2c1O,0
WFNDDSQUKATKNX-UHFFFAOYSA-N,CCCC(=O)OCCc1ccccc1,0
JDECNKBYILMOLE-VWSKNAGGSA-N,COC(=O)C1C(O)C(C)C(O)C(C)/C=C\C=C(/C)C(=O)Nc2c(C)c(OC(C)=O)c3c(c2O)C(=O)C(C)=C2OCOC(=C23)/C(C)=C/C(C)(O)C(O)C(C)C1O,0
CRWNZUBUBIULHB-BQYQJAHWSA-N,O=C(/C=C/c1cccnc1)c1ccccc1O,0
PKWRMUKBEYJEIX-DXXQBUJASA-N,CC[C@H](NC(=O)[C@H](C)NC)C(=O)N1C[C@@H](O)C[C@H]1Cc1c(-c2[nH]c3cc(F)ccc3c2C[C@@H]2C[C@H](O)CN2C(=O)[C@H](CC)NC(=O)[C@H](C)NC)[nH]c2cc(F)ccc12,0
UXUZARPLRQRNNX-DXTOWSMRSA-N,Nc1nc(O)c2ncn([C@@H]3O[C@H](CO)[C@@H](O)[C@H]3F)c2n1,0
OJFZYAQGMWSUID-QFIPXVFZSA-N,O=C([C@@H](c1ccc(Cl)cc1)c1cccnc1)N1CCN(c2ccc(C(F)(F)F)cc2)CC1,0
BRLUZBMXYFCBDS-UHFFFAOYSA-N,Cc1nc(-c2ccc(C3N(C)c4ccc(F)cc4C(=O)N3c3ccccc3)s2)cs1,0
DOHVAKFYAHLCJP-UHFFFAOYSA-N,Nc1nc2c(Cc3cccnc3)c[nH]c2c(=O)[nH]1,0
FDIVMSREIKIVCW-UHFFFAOYSA-N,c1ccc(-c2nnc3c4ccccc4c(N4CCNCC4)nn23)cc1,0
QIBBAULVNPPRLU-WGOQTCKBSA-N,CCOc1ccc(/C=N/NC(=O)C2CC2c2ccc(C(C)(C)C)cc2)cc1OCC,0
QVPPQDAPAFWTCK-UHFFFAOYSA-N,O=C(NNC(=S)Nc1ccc(Cl)cc1)c1ccncc1,0
ZETBPZAUNUEYSV-UHFFFAOYSA-N,NCCNc1ccc2ccccc2n1,0
UWYHMGVUTGAWSP-UHFFFAOYSA-N,Cc1onc(-c2ccccc2)c1C(=O)NC1C(=O)N2C1SC(C)(C)C2C(=O)O,0
BJDZBXGJNBMCAV-UHFFFAOYSA-N,O=c1nc(N2CCN(CC3CCCCC3)CC2)sc2c([N+](=O)[O-])cc(C(F)(F)F)cc12,0
OJICYBSWSZGRFB-UHFFFAOYSA-N,CCc1nc2ccc(Cl)cn2c1C(=O)NCc1ccc(N2CCC(c3ccc(OC(F)(F)F)cc3)CC2)cc1,0
QSWZUVFMUIEHAG-YVMONPNESA-N,O=[N+]([O-])c1ccc(/C=[N+](\[O-])CCO)o1,0
JGPXDNKSIXAZEQ-SBBZOCNPSA-N,O=C(O)[C@H]1C2CCC(CC2)[C@@H]1Nc1nc(-c2c[nH]c3ncc(F)cc23)ncc1F,0
PRTMCDUZAVNQLB-UHFFFAOYSA-N,O=C(Cn1cnc2ccccc2c1=O)Nc1ccccc1,0
ZJHZBDRZEZEDGB-UHFFFAOYSA-N,N=C(N)c1ccc(-c2ccc(-c3ccc(C(=N)N)cc3)o2)cc1,0
WPTSSFYTMONOHD-UHFFFAOYSA-N,N#CC1=C(N)Oc2ccc3ccccc3c2C1c1ccc([N+](=O)[O-])cc1,0
UYJZZVDLGDDTCL-UHFFFAOYSA-N,CN(C)CC(=O)Nc1ccc2[nH]c(=O)c3ccccc3c2c1,0
HGBUEIWFNDRSBG-UHFFFAOYSA-N,CCNC(=O)Nc1cc(-c2ccccc2)c(-c2cncc(C(=O)O)c2)cn1,0
QYLLDHFWLPHBMT-UHFFFAOYSA-N,Cc1cc(C)n2nc(C(=O)NS(=O)(=O)c3c(C)cccc3OC(F)(F)F)nc2n1,0
DXEATJQGQHDURZ-DEDYPNTBSA-N,CC(C)(C)c1cc(C(=O)/C(C#N)=N/Nc2cccc(Cl)c2)no1,0
NRGWKXPKGOBGSH-UHFFFAOYSA-N,Cc1cc(O)c2c(c1)C(=O)c1c(I)c(O)c(I)c(O)c1C2=O,0
ISNBJLXHBBZKSL-UHFFFAOYSA-N,CCOC(=O)NC(=O)c1ccsc1NC(=O)c1nc2ccccc2s1,0
KMEUSKGEUADGET-UHFFFAOYSA-N,CC1(C)CC(=O)CC(C)(C)N1O,0
QLPQJDAFTXMKPG-UHFFFAOYSA-N,Cc1cc(Nc2ccc(F)cc2)nc(SCc2nc3ccccc3[nH]2)n1,0
DDIJQXQEXWWXTD-HXUWFJFHSA-N,O=C1O[C@@H](COc2ccon2)CN1c1cc(F)c(C2=CCN(Cc3ccccc3)CC2)c(F)c1,0
DAGGFCFDRQLXAV-UHFFFAOYSA-N,COc1cccc(-n2nnnc2S(=O)(=O)Cc2ccccc2)c1,0
KQOXLKOJHVFTRN-UHFFFAOYSA-N,Cc1cc(CCCOc2c(C)cc(-c3noc(C(F)(F)F)n3)cc2C)on1,0
HKEJNATYDZLNIG-UHFFFAOYSA-N,Cc1cccc(C)c1C(=O)Nc1nc(-c2ccccn2)cc2ccccc12,0
BEZZFPOZAYTVHN-UHFFFAOYSA-N,COC(=O)Nc1nc2cc([S+]([O-])c3ccccc3)ccc2[nH]1,0
ZYGWKDDRPATRQB-UHFFFAOYSA-N,O=C(O)c1sccc1S(=O)(=O)n1ccc2cc(Br)ccc21,0
JUVIOZPCNVVQFO-HBGVWJBISA-N,C=C(C)[C@H]1Cc2c(ccc3c2O[C@@H]2COc4cc(OC)c(OC)cc4[C@@H]2C3=O)O1,0
IVZKZONQVYTCKC-UHFFFAOYSA-N,Cc1nc(N(C)C(=O)Cc2ccc(-c3ccccn3)cc2)sc1S(N)(=O)=O,0
HDCFKIPEUIIJHB-DJJJIMSYSA-N,C[C@H]1[C@@H](c2cccc(C(F)(F)F)c2)OC(=O)N1C(=O)NCc1cncc2ccccc12,0
ZQYNHBTULYYGMD-UHFFFAOYSA-N,CCNC(=O)Nc1cc2c(-c3ccnc(C)c3)ccc(CNC(=O)OC)c2cn1,0
BCUCHLDFTHKIIT-UHFFFAOYSA-N,O=C(CCc1ccc2c(c1)OCO2)NCc1ccc(-c2ccccc2F)cc1,0
ABHDFUINPUWVJU-UHFFFAOYSA-N,CCc1ccccc1OCCN1CCCCCC1,0
QFJCIRLUMZQUOT-HPLJOQBZSA-N,CO[C@H]1C[C@@H]2CC[C@@H](C)[C@@](O)(O2)C(=O)C(=O)N2CCCC[C@H]2C(=O)O[C@H]([C@H](C)C[C@@H]2CC[C@@H](O)[C@H](OC)C2)CC(=O)[C@H](C)/C=C(\C)[C@@H](O)[C@@H](OC)C(=O)[C@H](C)C[C@H](C)/C=C/C=C/C=C/1C,0
WIIZWVCIJKGZOK-UHFFFAOYSA-N,O=C(NC(CO)C(O)c1ccc([N+](=O)[O-])cc1)C(Cl)Cl,0
BBDSLYAOIWXFRE-UHFFFAOYSA-N,COc1cccc(C(=N)Nc2cc(C(=O)Nc3cc(C(=O)Nc4cc(C(=O)NCCCN(C)C)n(CCC(C)C)c4)n(C)c3)n(C)c2)c1,0
ZCAYJRZGODJBLR-UHFFFAOYSA-N,CC(=O)Nc1cc(C(=O)Nc2cc(C(=O)Nc3nc(C(=O)NCCCN(C)C)c(CCC(C)C)s3)n(C)c2)n(C)c1,0
TYMRLRRVMHJFTF-UHFFFAOYSA-N,NCc1ccc(S(N)(=O)=O)cc1,0
XUFXOAAUWZOOIT-UGEKTDRHSA-N,C[C@H]1O[C@H](O[C@H]2[C@H](O)[C@@H](O)[C@@H](O[C@H]3[C@H](O)[C@@H](O)C(O)O[C@@H]3CO)O[C@@H]2CO)[C@H](O)[C@@H](O)[C@@H]1N[C@H]1C=C(CO)[C@@H](O)[C@H](O)[C@H]1O,0
QDLHCMPXEPAAMD-QAIWCSMKSA-N,COC[C@H]1OC(=O)c2coc3c2[C@@]1(C)C1=C(C3=O)[C@@H]2CCC(=O)[C@@]2(C)C[C@H]1OC(C)=O,0
OZOGDCZJYVSUBR-UHFFFAOYSA-N,FC(F)(F)Oc1ccc(Nc2ccc3cccc(Cl)c3n2)cc1,0
FKENQMMABCRJMK-RITPCOANSA-N,CC1(C)[C@H](C(=O)O)N2C(=O)C[C@H]2S1(=O)=O,0
NTHMDFGHOCNNOE-ZJUUUORDSA-N,CSC[C@H]1CN(Cc2c[nH]c3c(N)ncnc23)C[C@@H]1O,0
MRYNEXGYUVXVKV-FMQUCBEESA-N,C=C(C)C(=O)Oc1ccc(/N=N/c2ccc(C)cc2)ccc1=O,0
WAWDOEHEAULMGC-VXPUYCOJSA-N,CCCCOc1ccc(/N=N\c2ccc(N)nc2N)cn1,0
WTOMASUNAPBPMR-OUKQBFOZSA-N,Oc1c(/N=N/c2nnn[nH]2)ccc2ccccc12,0
YIUDXEPKYDDLNI-VCFJNTAESA-N,C1C2CC3C1C3/C2=N\N=C1/C2CC3C(C2)C13,0
XOKJUSAYZUAMGJ-UHFFFAOYSA-N,N#Cc1cn(C2OC(CO)C(O)C2O)c2ncnc(N)c12,0
HJYYPODYNSCCOU-BFFRUINASA-N,COC1/C=C/O[C@@]2(C)Oc3c(C)c(O)c4c(O)c(cc(O)c4c3C2=O)NC(=O)/C(C)=C\C=C\[C@H](C)C(O)[C@@H](C)[C@@H](O)[C@@H](C)[C@H](OC(C)=O)[C@@H]1C,0
PVSOYDNHAITJJW-UHFFFAOYSA-N,CNc1ncn(-c2c(C)cccc2C)c(=O)n1,0
MLKVGBZASWPPOU-TWGQIWQCSA-N,Cc1cc(N)c2cc(NC(=O)/C=C\c3ccccc3Cl)ccc2n1,0
JLRWIRBFDUKCMN-FLFKKZLDSA-N,Cc1nc(/N=N/c2ccccc2)[nH]c1/N=N/c1ccccc1,0
IUZCDJYHMMWBBE-UHFFFAOYSA-N,CCC(C)c1cnc(CC(C)C)c(=O)n1O,0
IJIQUDQBKAXAML-UHFFFAOYSA-N,Cc1ccc(NCCN(C)C)c2c(=O)c3cc(O)ccc3sc12,0
KQJSQWZMSAGSHN-JJWQIEBTSA-N,CC1=C(O)C(=O)C=C2C1=CC=C1[C@@]2(C)CC[C@@]2(C)[C@@H]3C[C@](C)(C(=O)O)CC[C@]3(C)CC[C@]12C,0
FJHBVJOVLFPMQE-QFIPXVFZSA-N,CCc1c2c(nc3ccc(O)cc13)-c1cc3c(c(=O)n1C2)COC(=O)[C@]3(O)CC,0
JWQAIVZHKYHNTD-UHFFFAOYSA-N,CCCCCCC1c2ccc(O)cc2Oc2cc(O)ccc21,0
CIUUIPMOFZIWIZ-UHFFFAOYSA-N,Nc1nc(=O)c(Br)c(-c2ccccc2)[nH]1,0
IECPWNUMDGFDKC-MZJAQBGESA-N,CC(=O)O[C@H]1C[C@@]2(C)[C@@H](C[C@@H](O)[C@H]3[C@@]4(C)CC[C@@H](O)[C@@H](C)[C@@H]4CC[C@@]32C)/C1=C(\CCC=C(C)C)C(=O)O,0
QUIJNHUBAXPXFS-XLJNKUFUSA-N,COc1nc2ccc(Br)cc2cc1[C@@H](c1ccccc1)[C@@](O)(CCN(C)C)c1cccc2ccccc12,0
DYGJLBLTVHZWLM-UHFFFAOYSA-N,CCCn1c(NC(=O)c2ccc3ccccc3n2)nc2ccccc21,0
FBSYJUVNGAMMOK-UHFFFAOYSA-N,Nc1ccc2ncnc(Nc3ccc(OCc4cccc(F)c4)c(Cl)c3)c2c1,0
KKZDZTJFDLFERF-UHFFFAOYSA-N,NCCN(C(=O)c1ccc(Cl)cc1Cl)c1ccc(OCc2ccc(Cl)cc2)cc1,0
ONCZDRURRATYFI-QTCHDTBASA-N,CO/N=C(\C(=O)OC)c1ccccc1CO/N=C(\C)c1cccc(C(F)(F)F)c1,0
ZXTDMEVOZZTVJO-UHFFFAOYSA-N,Cc1[nH]c2ccccc2c1C(c1cccs1)N1CCN(C)CC1,0
JCGGPCDDFXIVQB-UHFFFAOYSA-N,Brc1nc(Br)c(Br)[nH]1,0
XRVDGNKRPOAQTN-FQEVSTJZSA-N,CC(C)Oc1ccc(-c2nc(-c3cccc4c3CC[C@@H]4NCCO)no2)cc1C#N,0
HDDSHPAODJUKPD-UHFFFAOYSA-N,COC(=O)Nc1nc2cc(Sc3ccccc3)ccc2[nH]1,0
NMVOUGNPVVJWHF-UHFFFAOYSA-N,CC(Cc1ccccc1)C(=O)Nc1ccc(Cl)cc1C(=O)O,0
XBAHLDPYUIFKLE-UHFFFAOYSA-N,c1ccc(Cn2c(-c3ccccn3)nc3ccccc32)cc1,0
AKNNEGZIBPJZJG-UHFFFAOYSA-N,COc1ccc2c(c1OC)C(=O)OC2C1c2c(cc3c(c2OC)OCO3)CCN1C,0
ZRZNJUXESFHSIO-BKUNHTPHSA-N,C=C[C@]1(C)C[C@@H](OC(=O)CO)[C@]2(C)[C@H](C)CC[C@]3(CCC(=O)[C@H]32)[C@@H](C)[C@@H]1O,0
XRBKJDHRNLCVHP-UHFFFAOYSA-N,COc1cc(C(C(=O)NC2CCCCC2)N(C(=O)Cc2c[nH]c3ccccc23)c2ccc(C(C)C)cc2)cc(OC)c1OC,0
TYBHXIFFPVFXQW-UHFFFAOYSA-N,Cc1ccc(Oc2ccccc2-c2csc(N=C3NCCCN3)n2)c(C)c1,0
LVVHGBHCFCKIPX-UHFFFAOYSA-N,c1csc(-c2cnc3sc(NCC4CCOCC4)nn23)c1,0
BXQRASWFYHJONT-UHFFFAOYSA-N,CN(C)CCCn1cnc(NC(=O)c2cc(NC(=O)c3cc(NC(=O)c4cc5ccccc5cn4)cn3C)cn2C)c1,0
VURCFSOLNXCMTN-UHFFFAOYSA-N,Clc1ccc(-c2nnc3cncc(OCCc4ccccc4)n23)cc1,0
BXNMTOQRYBFHNZ-UHFFFAOYSA-N,CCOCc1nc2c(N)nc3ccccc3c2n1CC(C)(C)O,0
HPTXLHAHLXOAKV-UHFFFAOYSA-N,O=C(O)C(Cc1c[nH]c2ccccc12)N1C(=O)c2ccccc2C1=O,0
GAZGHCHCYRSPIV-UHFFFAOYSA-N,Cc1ncc([N+](=O)[O-])n1CC(O)CN1CCOCC1,0
WHQCHUCQKNIQEC-UHFFFAOYSA-N,CCc1oc2ccccc2c1C(=O)c1cc(Br)c(O)c(Br)c1,0
KJKSTMVAOFFYLH-UHFFFAOYSA-N,Cn1c([N+](=O)[O-])cnc1C(=O)NC1CCCCC1,0
AOTRIQLYUAFVSC-UHFFFAOYSA-N,CN(C)CCCOc1ccc(-c2ccc3ncc4c(c3c2)n(C2CCOCC2)c(=O)n4C)cn1,0
SMFLDLVEYHKLAQ-UHFFFAOYSA-N,C[Si]1(C)CCN(Cc2cc(-c3ccc(Cl)cc3)n(-c3ccc(Cl)cc3)n2)CC1,0
XRQDFNLINLXZLB-CKIKVBCHSA-N,CCC(CC)[C@H](NC(C)=O)[C@@H]1[C@H](O)[C@@H](C(=O)O)C[C@H]1NC(=N)N,0
ZGVCESZATUMTIM-UHFFFAOYSA-N,N#Cc1c(N)[n+]([O-])c2ccccc2[n+]1[O-],0
CRSBMRJNJIXPFW-UHFFFAOYSA-N,CCC(C)NCC(O)Cn1c2ccc(Cl)cc2c2cc(Cl)ccc21,0
INAAIJLSXJJHOZ-UHFFFAOYSA-N,CN1CCN(c2ccc3[nH]c(-c4ccc5[nH]c(-c6ccc(O)cc6)nc5c4)nc3c2)CC1,0
QVWDCUMRWIBGJX-UHFFFAOYSA-N,Cc1cc(C)n(O)c(=O)c1,0
VOVBYBYEYGCZIL-UHFFFAOYSA-N,COc1cccc(-c2nc3c(N4CCCC4)cccc3n2CC2CCCN2)n1,0
DXOOVGNYSYVTNM-UHFFFAOYSA-N,Nc1nc2cc(-c3cncc(Oc4ccc(F)cc4)c3)ccc2[nH]1,0
UPOMWMSTGPYVBA-UHFFFAOYSA-N,NC(=O)c1cnc2ccc(S(=O)(=O)c3ccccc3)cc2c1Nc1ccc(O)cc1,0
QBFUKKFEXBNTJX-UHFFFAOYSA-N,Cc1c[nH]c(=O)nc1NCc1ccccc1,0
QJBUEINIMXZUED-UHFFFAOYSA-N,CC(C)Cn1c(=O)n(C)c(=O)c2c(-c3cncn3C)n(Cc3cccc4ccccc34)nc21,0
IOMXCGDXEUDZAK-FOCLMDBBSA-N,Oc1ccc2ccccc2c1/N=N/c1nccs1,0
SDHXERNCEXPUIK-UHFFFAOYSA-N,O=C(Nc1nnc(-c2ccccc2)o1)c1ccc(F)cc1,0
YGUDSHJNJUBIHP-UHFFFAOYSA-N,O=C(NC12CC3CC(CC(C3)C1)C2)c1cc2ccccc2[nH]1,0
KJHIZYQJIJRUCX-UHFFFAOYSA-N,CCc1c(C)nc(-n2nc(C)cc2NC(=O)c2ccccc2SC)[nH]c1=O,0
NJEDOEVDJDTSLL-UHFFFAOYSA-N,O=C(Nc1nnc(-c2ccc(Cl)s2)o1)c1ccc(Cl)s1,0
WHLDECCXYMPRNL-UHFFFAOYSA-N,O=C(Nc1nnc(-c2ccc(Cl)cc2)o1)c1ccc(F)cc1,0
CATMPQFFVNKDEY-YPMHNXCESA-N,N[C@H](CCC(=O)N[C@@H](Cc1c[nH]c2ccccc12)C(=O)O)C(=O)O,0
IWCWQNVIUXZOMJ-MISYRCLQSA-N,CC(C)c1cc2c(cc1S(=O)(=O)O)[C@@]1(C)CCC[C@@](C)(C(=O)O)[C@@H]1CC2,0
NQWPKFWLUUOORK-UHFFFAOYSA-N,O=C(c1ccco1)N(CCCn1ccnc1)c1nc2c(Cl)cccc2s1,0
KOVRKEORCJCTNU-UHFFFAOYSA-N,Brc1cncc(-c2cc(NCCCn3ccnc3)nc(-c3ccccc3)n2)c1,0
MRIHADBFHMLZBI-UHFFFAOYSA-N,CCc1cc(O)c(Oc2cccnc2N)cc1F,0
UBUFVRJUGFJQSI-PPJSLLJVSA-N,CC(C)(C)NC(=O)[C@@H]1CN(Cc2cnc3occc3c2)CCN1C[C@@H](O)C[C@@H](Cc1ccccc1)C(=O)N[C@H]1c2ccccc2C[C@H]1O,0
LHHCSNFAOIFYRV-DOVBMPENSA-N,CC(C)(C)NC(=O)N[C@H](C(=O)N1C[C@H]2[C@@H]([C@H]1C(=O)NC(CC1CCC1)C(=O)C(N)=O)C2(C)C)C(C)(C)C,0
HMAFTPZYFJFEHK-UHFFFAOYSA-N,OB1OCc2cc(Cl)ccc21,0
WKGXYQFOCVYPAC-UHFFFAOYSA-N,NC(=O)OCC(COC(N)=O)c1ccccc1,0
NHBGIYJJGZPCCM-UHFFFAOYSA-N,Cc1c(-c2ccccc2)n(O)[n+]([O-])c1-c1ccccc1,0
YEAHTLOYHVWAKW-UHFFFAOYSA-N,COc1ccc(COc2cc3oc(=O)c4cc(C(C)O)ccc4c3cc2OC)cc1,0
MTXDFCPHZOIELM-UHFFFAOYSA-N,C#CC(c1ccccc1)(c1ccccc1)n1ccnc1,0
CCHUVLCKUCBTMV-UHFFFAOYSA-N,COC(=O)N1C2CCCCC2=NN(c2ccccc2)N1C(=O)OC,0
CYDMQBQPVICBEU-XRNKAMNCSA-N,CN(C)[C@@H]1C(O)=C(C(N)=O)C(=O)[C@@]2(O)C(O)=C3C(=O)c4c(O)ccc(Cl)c4[C@@](C)(O)[C@H]3C[C@@H]12,0
GETIJMWRUSBILT-UHFFFAOYSA-N,Nc1nc(Nc2ccc3nc(-c4ccc(F)cc4)cc(N)c3c2)cc(-c2ccccc2)n1,0
WKXGYUANKKYRFY-UHFFFAOYSA-N,Nc1cc(-c2nc3ccccc3[nH]2)n[nH]c1=O,0
LNROGYAUORASNG-SHTZXODSSA-N,O=C(c1nc2c(C(F)(F)F)cc(C3CC3)cn2c1Cl)N1CCN([C@H]2CC[C@H](O)CC2)C(=O)C1,0
DKSVBVKHUICELN-UHFFFAOYSA-N,CCOc1noc2cc(OCCC3CCN(c4ccc(C)nn4)CC3)ccc12,0
IEDVJHCEMCRBQM-UHFFFAOYSA-N,COc1cc(Cc2cnc(N)nc2N)cc(OC)c1OC,0
PIDYOOGTVDDMEE-UHFFFAOYSA-N,NC(=O)c1ccccc1NC(=O)c1ccc(C(=O)Nc2ccccc2C(N)=O)cc1,0
JMYXUNDVJSFZGO-UHFFFAOYSA-N,N#Cc1c(N)nc(Sc2ccccc2)c(C#N)c1-c1ccccc1,0
IOJNPSPGHUEJAQ-FOCLMDBBSA-N,CN(C)c1ccc(/N=N/c2ccccn2)cc1,0
ATDILMLBOZKFGI-MPJWFRRFSA-N,CC(=O)C(=O)NC1/C=C(C)\C=C/C(O)C/C=C(C)\C=C/C(O)CC2OC(=O)C1(C)C(=O)C2C,0
HCNCHPUSRLRNJS-WQRHYEAKSA-N,C/C(=N/NC(=S)N1CC2CCC(CC2)C1)c1cnccn1,0
CMZYDQKKDNXWKW-UHFFFAOYSA-N,COC(=O)C1(F)C(=O)NC(=O)NC1OC,0
GMLBVLXDRNJFGR-ZJZGAYNASA-N,COc1cc(C)cc2c(-c3c(O)cc(O)c4c3C[C@H](C)N[C@H]4C)cc(-c3cc(-c4c(O)cc(O)c5c4C[C@H](C)N[C@H]5C)c4cc(C)cc(OC)c4c3O)c(O)c12,0
ZBXXIEYBGSMVKQ-UHFFFAOYSA-N,N=C(N)NCCCS(=O)(=O)Nc1ccc(Nc2c3ccccc3nc3cc([N+](=O)[O-])ccc23)cc1,0
ATTHACCWLCOMAC-UHFFFAOYSA-N,NCC(O)c1ccc(-c2ccccc2)cc1,0
SCVHJVCATBPIHN-SJCJKPOMSA-N,C[C@H](NC(=O)C(=O)Nc1ccccc1C(C)(C)C)C(=O)N[C@@H](CC(=O)O)C(=O)COc1c(F)c(F)cc(F)c1F,0
SBDBJWBHRZQCQD-UHFFFAOYSA-N,CC1COC2C3=C(C(=O)C=CC3=O)C3OC(=O)C4CC5CCC1C5C2C43,0
SDVVSJQTYKFAFR-TVKQRKNISA-N,Cn1ccc(=Nc2ccc(NC(=O)c3ccc(/N=c4\ccn(C)c5ccc([N+](=O)[O-])cc45)cc3)cc2)cc1,0
ZYYCHNFSUYYLTP-HWEHLMELSA-N,CC1/C=C/C=C/CC/C=C/C=C/C=C/C=C/C(OC2OC(C)C(O)C(N)C2O)CC2OC(CC(O)C(O)CCC(O)CC(O)CC(O)CC(=O)OC(C)C(C)C1O)CC(O)C2C(=O)O,0
ZSEZANMTGPZRIF-UHFFFAOYSA-N,SC1=NC2(CCCCCC2)NN1c1ccccc1,0
HRHKSTOGXBBQCB-UHFFFAOYSA-N,COC12C(COC(N)=O)C3=C(C(=O)C(C)=C(N)C3=O)N1CC1C2N1C,0
OWSWHFVHBUVQOR-UHFFFAOYSA-N,CCCCCCCCC(CP(=O)(O)C(C)N)C(=O)O,0
KXRKPKMPEQPOAI-UHFFFAOYSA-N,C#CCN(C)Cc1cc2cc(OCc3ccccc3)ccc2[nH]1,0
SBFMJJXBXQCQMQ-UHFFFAOYSA-N,CC#CCN(C)Cc1cc2cc(OCc3ccccc3)ccc2[nH]1,0
WUDYUQXXUZPWMX-HKALDPMFSA-N,C[C@H](NC(CC(=O)c1ccccc1C(F)(F)F)C(=O)O)c1ccccc1,0
YLTNZSAWERXYOE-UHFFFAOYSA-N,CCc1cc(Nc2cc(=O)n(CCN3CCN(C(=O)c4ccccc4)CC3)c(=O)[nH]2)ccc1C,0
OWPCHSCAPHNHAV-LLAMSIHESA-N,CO[C@H](/C(C)=C/C=C/C(C)=C/c1coc(C)n1)[C@H](C)[C@H]1C[C@@H](O)[C@@]2(C)O[C@H]2/C=C/[C@@H](C)[C@@H]2C[C@@H](CC(=O)O2)C[C@H]2O[C@@H]2C(=O)O1,0
ZKOTWKIEVACBFM-UHFFFAOYSA-N,COc1cc2oc3cc(=O)cc4oc(-c5ccccc5)cc(c2c2c1CCC(c1ccccc1)O2)c43,0
SVSFCSOFEPJFSF-FOKZELFKSA-N,COC1CC(C)C(OC)c2cc(O)cc(c2O)NC(=O)/C(C)=C/C=C\C(C)C(OC(N)=O)/C(C)=C\C(C)C1OC,0
LNEWNMFMWDBAKM-UHFFFAOYSA-N,Nc1ccc(Cn2ccc3c4c(N)nc(N)nc4ccc32)cc1,0
DANUORFCFTYTSZ-UHFFFAOYSA-N,COC1CC(CC2CCC(C)C(C(C)C(=O)O)O2)OC2(OC(C)(C3CCC(C)(C4OC(C5OC(O)(CO)C(C)CC5C)CC4C)O3)CC2C)C1C,0
MALWOGDXLOLYKL-XFXZXTDPSA-N,CN(C)c1n/c(=N/c2cccc(Cl)c2)ss1,0
XUCIJNAGGSZNQT-VEXRWARGSA-N,N#C[C@H](OC1OC(COC2OC(CO)C(O)C(O)C2O)C(O)C(O)C1O)c1ccccc1,0
MSBVHIWAXMMCPU-UHFFFAOYSA-N,Cc1ccccc1NC(=O)Nc1cccc([N+](=O)[O-])c1,0
CAYJBRBGZBCZKO-BHGBQCOSSA-N,CCOC(=O)/C=C/[C@H](C[C@@H]1CCNC1=O)NC(=O)[C@@H](CC(=O)[C@@H](NC(=O)c1cc(C)on1)C(C)C)Cc1ccc(F)cc1,0
SCWQHRXSENXPJQ-UHFFFAOYSA-N,C=C=CCN(C)Cc1cc2cc(OCc3ccccc3)ccc2n1C,0
QUHARGDBJJUOEB-UHFFFAOYSA-N,CCc1cc(O)c(Oc2ccc(C(N)=O)cc2F)cc1F,0
WKPWGQKGSOKKOO-RSFHAFMBSA-N,COc1cc2cc(c1Cl)N(C)C(=O)C[C@H](OC(=O)[C@H](C)N(C)C(C)=O)[C@]1(C)O[C@H]1[C@H](C)[C@@H]1C[C@@](O)(NC(=O)O1)[C@H](OC)/C=C/C=C(\C)C2,0
MPCPIBFZAKSVAX-UHFFFAOYSA-N,O=c1cc(OCc2ccccc2)ccn1Cc1ccccc1,0
LFWXWAVDSWFXHT-MRXNPFEDSA-N,C[C@H](c1cccc2ccccc12)N(C)Cc1ccccc1,0
APKFDSVGJQXUKY-INPOYWNPSA-N,C[C@@H]1[C@H](O)[C@@H](C)/C=C/C=C/C=C/C=C/C=C/C=C/C=C/[C@H](O[C@@H]2O[C@H](C)[C@@H](O)[C@H](N)[C@@H]2O)C[C@@H]2O[C@](O)(C[C@@H](O)C[C@@H](O)[C@H](O)CC[C@@H](O)C[C@@H](O)CC(=O)O[C@H]1C)C[C@H](O)[C@H]2C(=O)O,0
QSVDRGTXPDNZQZ-UHFFFAOYSA-N,O=C(CC1Sc2ncnn2C1=O)Nc1ccc(Br)cc1,0
QKKIWEILHCXECO-UHFFFAOYSA-N,CN1CCN(Cc2ccc(-c3cnc4[nH]cc(-c5ccc6[nH]ccc6c5)c4c3)cc2)CC1,0
KLORATCDRSXVPO-UHFFFAOYSA-N,Cc1ccc(NC(=O)c2cc(Cl)ccc2O)cc1,0
YFIUIQDIYVFGFI-UHFFFAOYSA-N,O=C(Nc1ccc2c(c1)B(O)OC2)c1ccccc1C(F)(F)F,0
DGMPVYSXXIOGJY-UHFFFAOYSA-N,CCCCc1ccc(C(=O)O)nc1,0
JGPMMRGNQUBGND-UHFFFAOYSA-N,COC1=C(OC)C(=O)C(CCCCCCCCCCO)=C(C)C1=O,0
ZKXLQCIOURANAD-UHFFFAOYSA-N,CC1(C)CC(NC(=O)C(=O)Nc2ccc(Cl)cc2)CC(C)(C)N1,0
FEBBZFJWAMUFPI-UHFFFAOYSA-N,O=S(=O)(Nc1cccc2cccnc12)c1ccccc1,0
WIRZPGOUKBHUHF-ZDUSSCGKSA-N,CC(C)(C)OC(=O)NCc1ccc(C(=O)N[C@H]2CCOC2=O)cc1,0
XVXWUBIIHFDOJO-KQYNXXCUSA-N,NC(=O)c1nccn([C@@H]2O[C@H](CO)[C@@H](O)[C@H]2O)c1=O,0
AUJXLBOHYWTPFV-UHFFFAOYSA-N,CSC1SCC2C(=O)N(C)C(C(C)C)C(=O)OCC(NC(=O)c3cnc4ccccc4n3)C(=O)NC(C)C(=O)N(C)C1C(=O)N(C)C(C(C)C)C(=O)OCC(NC(=O)c1cnc3ccccc3n1)C(=O)NC(C)C(=O)N2C,0
CEIUIHOQDSVZJQ-UHFFFAOYSA-N,CCCCCCCc1[nH]c2ccccc2c(=O)c1O,0
KEPLBUUTAQCZOE-UHFFFAOYSA-N,CCc1nc(N)nc(N)c1C#CC(C)c1cc(OC)cc(-c2ccncc2)c1,0
KMUNHOKTIVSFRA-KXFIGUGUSA-N,Nc1nc2c(ncn2/C=C2/CC2(CO)CO)c(=O)[nH]1,0
KSYONHWIFPZGSJ-UHFFFAOYSA-N,COc1ccc(NC(=O)CC2Sc3ncnn3C2=O)cc1,0
QGJZLNKBHJESQX-FZFNOLFKSA-N,C=C(C)[C@@H]1CC[C@]2(C(=O)O)CC[C@]3(C)[C@H](CC[C@@H]4[C@@]5(C)CC[C@H](O)C(C)(C)[C@@H]5CC[C@]43C)[C@@H]12,0
GBDXIBWIVZCVKE-UHFFFAOYSA-N,Clc1cccc(C(c2ccc(CN3CCNCC3)cc2)n2ccnc2)c1,0
WDOCLCVTCSESMZ-UHFFFAOYSA-N,O=C(Nc1ccc(-c2ccccc2)cc1)C1=C(O)C(Cc2ccccc2)OC1=O,0
OCAPBUJLXMYKEJ-UHFFFAOYSA-N,c1ccc(-c2ccc(C(c3ccccc3)n3ccnc3)cc2)cc1,0
VQHKDCUXFKNNMT-ODCIPOBUSA-O,CC[N+]1(C/C2=C/CCCCCC2)CCC(NC(=O)C2c3cc(Cl)ccc3Oc3ccc(Cl)cc32)CC1,0
PBMPIGNEBFRWDQ-UHFFFAOYSA-N,CCc1cc(CCCOc2c(C)cc(-c3noc(C(F)(F)F)n3)cc2C)on1,0
FNDDDNOJWPQCBZ-ZDUSSCGKSA-N,CC(=O)NC[C@H]1CN(c2ccc(N3CCSCC3)c(F)c2)C(=O)O1,0
DICPPDRBLOSCQJ-UHFFFAOYSA-N,CC(C)(C)c1cccc(-c2nc3cc(C(=N)N)ccc3[nH]2)c1O,0
PLHJCIYEEKOWNM-HHHXNRCGSA-N,Cn1cncc1[C@@](N)(c1ccc(Cl)cc1)c1ccc2c(c1)c(-c1cccc(Cl)c1)cc(=O)n2C,0
KLLIVCPQDTYMLC-HDJSIYSDSA-N,CC(C)(C)[C@H]1CC[C@H](CC2=C(O)C(=O)c3ccccc3C2=O)CC1,0
YFAGHNZHGGCZAX-JKIFEVAISA-N,Cc1onc(-c2c(Cl)cccc2Cl)c1C(=O)N[C@@H]1C(=O)N2[C@@H]1SC(C)(C)[C@@H]2C(=O)O,0
MJPPGVVIDGQOQT-HWKANZROSA-N,O=[N+]([O-])/C(Br)=C/c1ccc(Br)o1,0
OPAHEYNNJWPQPX-RCDICMHDSA-N,C[C@@H](c1nc(-c2ccc(C#N)cc2)cs1)[C@](O)(Cn1cncn1)c1ccc(F)cc1F,0
WFHHOSJOWHWDDB-UHFFFAOYSA-N,CCCCCc1ccc(C(=O)NCCn2cc(CCCCCc3c[nH]c(N)n3)nn2)cc1,0
NGQBESRBBIDATI-UHFFFAOYSA-N,N#Cc1c(NCCC2CCN(Cc3ccccc3)CC2)nc(NCCC2CCN(Cc3ccccc3)CC2)c(C#N)c1-c1ccccc1,0
RGPLABHTYVGWKB-UHFFFAOYSA-N,Cc1cc(NC(=O)c2ccc(Oc3ccc(Cl)cc3O)o2)no1,0
VMEJANRODATDOF-UHFFFAOYSA-N,COc1cc2c(O)c3c(c(-c4ccc5c(c4)OCO5)c2cc1OC)C(=O)OC3,0
FJLGEFLZQAZZCD-VAWYXSNFSA-N,CC(C)n1c(/C=C/C(O)CC(O)CC(=O)O)c(-c2ccc(F)cc2)c2ccccc21,0
WPALTCMYPARVNV-UHFFFAOYSA-N,CCc1nn(C)c(C(=O)NCc2ccc(Oc3ccc(C)cc3)cc2)c1Cl,0
KAFHLYIMFOUYGL-UHFFFAOYSA-N,NCC(O)c1ccc(Cl)c(Cl)c1,0
ZLHZLMOSPGACSZ-NSHDSACASA-N,O=[N+]([O-])c1cn2c(n1)OC[C@@H](OCc1ccc(OC(F)(F)F)cc1)C2,0
UOGVENCZRABKHM-SOFGYWHQSA-N,C(=C/c1nc2ccccc2[nH]1)\c1ccc2c(c1)OCO2,0
WFDXOXNFNRHQEC-GHRIWEEISA-N,CO/C=C(/C(=O)OC)c1ccccc1Oc1cc(Oc2ccccc2C#N)ncn1,0
XHYFMKBYXFRSLK-UHFFFAOYSA-N,COc1ccc2cc3[n+](cc2c1OCCN(CCn1cncn1)Cc1ccc(F)cc1F)CCc1cc2c(cc1-3)OCO2,0
OAPJNIWWXJDUAC-UHFFFAOYSA-N,O=C(Nc1ccc(C(F)(F)F)c(C(F)(F)F)c1)c1cc(Cl)ccc1O,0
XMYKNCNAZKMVQN-NYYWCZLTSA-N,NC(=S)N/N=C/c1ncccc1N,0
BBAWEDCPNXPBQM-GDEBMMAJSA-N,CCC[C@H](NC(=O)[C@@H]1[C@H]2CCC[C@H]2CN1C(=O)[C@@H](NC(=O)[C@@H](NC(=O)c1cnccn1)C1CCCCC1)C(C)(C)C)C(=O)C(=O)NC1CC1,0
YPEUTQKEMPFPKO-UHFFFAOYSA-N,O=[N+]([O-])c1cc([N+](=O)[O-])c2cccnc2c1O,0
JZQDODPYLJNGAI-HNNXBMFYSA-N,CC(C)(CO)[C@@H](O)C(=O)NCCC(=O)NCCc1ccccc1,0
LUDYWEIXJWRJRZ-IYBDPMFKSA-N,COc1c(NC(=O)[C@H]2CC[C@@H](COc3ccc([N+](=O)[O-])cc3)CC2)c(F)cc2c(=O)c(C(=O)O)cn(C3CC3)c12,0
YXCULPUNVLAFLE-UHFFFAOYSA-N,CC(=O)N1CCN(c2ccc(Oc3ccc(Cl)cc3O)cc2)CC1,0
WKZRPPBUMLPCRF-UHFFFAOYSA-N,Oc1ccccc1-c1cc2ccccc2[nH]1,0
XYNPYHXGMWJBLV-VXPJTDKGSA-N,C[C@H]1CC[C@]2(NC1)O[C@H]1C[C@H]3[C@@H]4CC[C@H]5C[C@@H](O)CC[C@]5(C)[C@H]4CC[C@]3(C)[C@H]1[C@@H]2C,0
FHIDSPSABMJTHY-UHFFFAOYSA-N,Cc1ccc2ccc(C#N)cc2c1O,0
IRZRJANZDIOOIF-GAJNKVMBSA-N,C[C@@]1(O)[C@H](O)[C@@H](CO)O[C@H]1n1ccc2c(N)ncnc21,0
AQXILPRHZTYRIE-UHFFFAOYSA-N,NC1(N2SC(S)=C3CCCC=C32)CCCCC1,0
OEKXCVYZBVOWBR-BQYQJAHWSA-N,Cn1cc(NC(=O)c2cc(NC(=O)c3ccc(/C=C/c4cnc5ccccc5c4)cc3)cn2C)cc1C(=O)NCCN1CCOCC1,0
GXALXAKNHIROPE-QAQDUYKDSA-N,O=C(O)C[C@H]1CC[C@H](c2ccc(-c3ccc(Nc4ccc(C(F)(F)F)nc4)cn3)cc2)CC1,0
LBHLFPGPEGDCJG-UHFFFAOYSA-N,COc1cc(C)c2c(Oc3cccc(C(F)(F)F)c3)c(OC)cc(NC(C)CCCN)c2n1,0
FJLRLRNXJLDEIR-UHFFFAOYSA-N,N#Cc1c(F)c(Cl)c(NCc2ccccc2)c(C#N)c1F,0
HHAVGBXLGVYXFF-AWEZNQCLSA-N,CCCCCCCNC(=O)CCNC(=O)[C@H](O)C(C)(C)CO,0
