standard_units,count,conversion_formula,new_unit
nM,11585313,x/1000,uM
%,4666379,,
ug.mL-1,920698,(x*1000)/w,uM
uM,252983,x,uM
hr,120976,,
mm,94035,,
ug ml-1,75140,(x*1000)/w,uM
mg.kg-1,62277,,
mL.min-1.kg-1,43842,,
cells.uL-1,42368,,
ng.hr.mL-1,36052,,
degrees C,31358,,
g,31273,,
mg kg-1,27848,,
mL.min-1.g-1,24396,,
IU.L-1,23865,,
U.L-1,22233,,
mEq.L-1,21153,,
L.kg-1,19616,,
C,19246,,
s,13804,,
% ID/g,12853,,
day,11219,,
umol.kg-1,10180,,
10'-6 cm/s,9662,,
mmHg,9562,,
pg,8894,,
fL,8703,,
uL/min,8404,,
min,7658,,
ucm/s,7348,,
ng/ml,7276,x/w,uM
mM,7102,x*1000,uM
10^-6 cm/s,7014,,
nm/s,6144,,
meq/L,4773,,
ug,4712,,
mg,4167,,
10'-2 umol/ml,3972,x*10,uM
ppm,3912,,
um,3531,,
/s,3441,,
mg/dl,3387,(x*10000)/w,uM
M-1 s-1,3354,,
/100WBC,3111,,
/min,3013,,
M,2961,,
ng/g,2899,,
/M/s,2841,,
%ID,2793,,
ml,2647,,
umol/L,2407,x,uM
mg/L,2120,(x*1000)/w,uM
pg/ml,1986,x/(w*1000000),uM
ng ml-1,1972,x/(w*1000),uM
uM kg-1,1874,,
ml/min,1862,,
s-1,1818,,
nmol,1742,,
uL.min-1.(10^6cells)-1,1736,,
mU/ml,1694,,
pm/min/mg,1663,,
nm,1663,,
mg dl-1,1593,(x*10000)/w,uM
min-1,1578,,
equiv,1502,,
pmol,1467,,
nmol/min,1460,,
M-1,1363,,
ug/g,1319,,
ug kg-1,1306,,
U/L,1281,,
kcal/mol,1277,,
mg kg-1 day-1,1181,,
beats min-1,1136,,
mg/ml,1056,x*1000000,uM
nmol/min/mg,1032,,
bpm,1031,,
mg/kg/day,1012,,
ms,1005,,
microL/min/mg,1000,,
pmol/min,935,,
cm,932,,
mmol/L,930,,
mm3,923,,
/hr,880,,
K,876,,
nmol/g,857,,
mV,831,,
uM.hr,824,,
/uM/s,806,,
p.p.m.,769,,
uM/ml,769,,
L/hr,765,,
M-1 min-1,742,,
%ID/g,739,,
m equiv,719,,
10'5/M,714,,
kJ/mol,707,,
U,703,,
gAi/ha,673,,
U/mg,668,,
hr-1,665,,
10'-2umol,656,,
log10CFU/ml,649,,
log10CFU,641,,
microM/min,626,,
nM kg-1,624,,
10'6/M,612,,
g/acre,579,,
umol,570,,
ng,563,,
micromol/min,560,,
l M-1,543,,
10'-2microM,540,,
ngequiv/g,537,,
l,527,,
10'-2mmol/ml,507,,
mM l-1,504,,
ug g-1,500,,
cm s-1,498,,
/mM/min,496,,
mm2,493,,
mgAi/L,491,,
umol/ml,491,,
nm s-1,491,,
IU/L,487,,
umol/Kg,463,,
/s/microM,456,,
Zone units,455,,
10'5/M/s,450,,
10'-3micromol/ml,440,,
10'4/M,429,,
ug cm**-2,421,,
ugequiv,417,,
nmol/mg,413,,
g mouse-1,413,,
10'-3/s,404,,
nM g-1,402,,
ml/min.g,388,,
ml/min.kg,387,,
mg Kg-1,386,,
/mM/s,383,,
M-1.s-1,382,,
m equiv kg-1,380,,
a.u.,377,,
Ms-1,372,,
microg/cm2,372,,
mM kg-1,370,,
10'6cm/s,370,,
ng g-1,365,,
cm/s,355,,
RFU,352,,
V,350,,
10'-2micromol/ml,349,,
g/dl,340,,
kCal mol-1,334,,
ug/kg,331,,
micromol/kg/min,331,,
dose g-1,330,,
/M/min,325,,
10'-7 cm/s,320,,
10'6/M/s,311,,
uEq/min,308,,
uM.hr.Kg/mg,307,,
10'4/M/s,307,,
MU,305,,
cpm,304,,
ml min-1,303,,
10'-1 ug/ml,303,,
radii mm-1,301,,
molar ratio,300,,
mg ml-1,294,,
nM/s,293,,
nM (mg of protein)-1,291,,
ugequiv/g,291,,
kBq/ml,289,,
uM.hr.kg/mg,288,,
microM/s,286,,
pM,286,,
pmol/min/mg,281,,
mol/mol,275,,
uL,274,,
10'3/M/s,271,,
10^5/M,270,,
tons/ha,270,,
nM ml-1,266,,
mg 100ml-1,265,,
ug mg-1,265,,
fmol,263,,
IU/ml,259,,
umol/min/mg,258,,
umolequiv/umol,257,,
microg/cm3,252,,
10'-2 ug/ml,250,,
mg l-1,249,,
M l-1,249,,
milliequivalent,249,,
L/min,249,,
10'-2/s,247,,
c.p.m.,246,,
10'-3 ug/ml,246,,
g/L,245,,
nM min-1,244,,
10'2mEq,244,,
deltalog10CFU,242,,
uM/L,241,,
m equiv 5hr-1 kg-1,241,,
g ml-1,240,,
ug/ml,236,,
g/ha,235,,
M kg-1,235,,
ng.hr/g,234,,
mM/min,233,,
10E-6 cm/s,232,,
U/ml,229,,
c.p.m. 50ul-1,226,,
pg ml-1,225,,
kg.min/L,220,,
nmol/ml,219,,
10'7/M,217,,
CFU,215,,
g/Kg,213,,
fold,213,,
ng.hr/ml,212,,
RU,211,,
nM min-1 mg-1,211,,
ug/min,209,,
FPDc,206,,
uM min-1mg-1,204,,
uL/ml,204,,
nM.hr,204,,
10'-2mm,204,,
uMequiv/uM,203,,
10'-4/s,202,,
mmol/ml,202,,
pg/hr,202,,
IU/mg,201,,
pmol/mg,197,,
10^-2mm,196,,
mmHg s-1,193,,
10^2umol/ml,192,,
milliequivalent/kg,190,,
mol%,189,,
/uM,188,,
pg/microg/hr,187,,
1/Ms,184,,
ng/mg,183,,
nmol/mg/min,181,,
%IDKg/g,180,,
IU mg-1,180,,
/s/M,179,,
microM.hr/mg/kg,179,,
mmol,178,,
mm**3,175,,
uM g-1,173,,
dose ratio,171,,
1/m/s,167,,
molar excess,166,,
10'-7M,166,,
hr.Kg/L,166,,
cm2,164,,
10'-5M,162,,
10'3/M,161,,
g/day,161,,
MT/ha,159,,
mol,158,,
nmol/mg.min,157,,
hr.ng/g,156,,
%ID/cc,155,,
10'3/M/min,154,,
ml kg-1,152,,
/M,151,,
/ml,150,,
mg/g,149,,
mole fraction,148,,
ng.hr/ml/mg/kg,146,,
10^4/M,145,,
ng/L,145,,
U l-1,144,,
pmol/g,144,,
/uM/min,142,,
ng/mL,142,,
mmolequiv/mmol,141,,
ml/hr,139,,
uM min-1,139,,
% kg dose g-1,138,,
/m2,137,,
nM (10e6*cells)-1,136,,
°C,136,,
10'-5cm/s,135,,
mL/min/kg,134,,
10^4/M/s,134,,
10'7/M/s,134,,
10^2 uM,133,,
mm/mg,132,,
mg 2kg-1,132,,
g dl-1,131,,
nmol/L,129,,
10^9/L,129,,
uM min-1 (mg of protein)-1,129,,
10'-3/min,129,,
10^3/M/min,129,,
CFU/ml,128,,
10^5/M/s,127,,
10'-5 cm/s,127,,
nM mouse-1,127,,
10^3/M,127,,
10'-8M,126,,
10'4L/mol,125,,
pM min-1 mg-1,125,,
m equiv 6hr-1 kg-1,125,,
nmol/min/ml,124,,
ml 6hr-1 100g-1,123,,
mmol/Kg,123,,
10^-3/s,120,,
mg kg-1 5day-1,120,,
pM g-1,120,,
pmol/min/mg protein,120,,
10'-4 cm/s,119,,
mEq/L,119,,
cm/s * 10E6,119,,
10'-5/M,118,,
pmol/hr,117,,
ug/L,117,,
mol/L,117,,
ug/mg,116,,
u equiv,116,,
M acre-1,114,,
disintegrations/minute,114,,
10^6/M,113,,
10'-4M,112,,
10^6L/mol,111,,
nM l-1 hr-1,109,,
ug/mg/day,109,,
10'-1/s,109,,
ng/g.hr,109,,
mA,108,,
10'3/s,108,,
m equiv 6hr-1 100g-1,108,,
nmol/Kg,108,,
uL/L,107,,
ml/min.Kg,107,,
nM mg-1,106,,
mg/day,106,,
milli optical density/minute,106,,
arbitrary units,106,,
10'4/s/M,106,,
ml 4hr-1,105,,
fM mg-1,105,,
nM min-1 (mg of protein)-1,105,,
uEq,104,,
10'-4L/mol,104,,
uM well-1,104,,
ug injection-1,103,,
10e-7/M,103,,
L/hr/kg,102,,
umol/g,102,,
microg/ml,102,,
10'-6M,101,,
uM pupa-1,101,,
m equiv 6hr-1 kg-1 (body weight)-1,101,,
ug mouse-1,101,,
L/Kg,101,,
delta mmHg,101,,
Kg,99,,
10'-4 ug/ml,98,,
uL/min.mg,98,,
pmol/ml,97,,
nM.hr.kg/mg,96,,
uMequiv,96,,
% dose organ-1 ,96,,
RLU (ug of protein)-1,96,,
10'-5/s,96,,
nM/mg*min,95,,
kg/ha,94,,
uM l-1,94,,
microM/min/mg,93,,
uL/hr/cm2,92,,
deltalog10CFU/ml,92,,
Ratio,92,,
-60mV,92,,
1/100mm,92,,
kCal M-1,92,,
none,92,,
100ml g-1 min-1,92,,
nmol/hr,91,,
10'-2/min,91,,
10^-7 cm/s,90,,
L/mol/s,90,,
% dose (g of tissue)-1,89,,
10^6cm/s,88,,
10^6/M/s,88,,
10^-3/min,88,,
ng min-1 rat-1,88,,
m equiv [Na+] 5hr-1kg-1,88,,
10'3/mm3,87,,
ml/min/mg,86,,
10^-7/M,86,,
nmol/sec,86,,
pM min-1,85,,
ml/kg,85,,
J/mol,85,,
10^-4/s,85,,
ugAi/ml,84,,
pg/mg,84,,
uL/mg/min,83,,
uM of MDA mM-1,83,,
total picomoles,82,,
L/mol,81,,
min.kg/L,80,,
/uL,80,,
microg.hr/mL,80,,
%Dose/g,80,,
mg 100g-1,79,,
pmol/mg/min,79,,
10^4L/mol,79,,
ug.hr/g,78,,
10^-2/s,78,,
10'6/M/min,78,,
0-15 scale,78,,
10'3CFU/ml,77,,
10^3nM,77,,
pmol/L,76,,
nM (g of tissue)-1,76,,
IU,76,,
mU,75,,
fmol/mg,75,,
nmol.hr/g,75,,
10'5L/mol,75,,
1/M,74,,
Counts,74,,
10'6/ml,73,,
uM/g,73,,
ul min-1,72,,
ng (g of tissue)-1,72,,
uM.hr/ml,71,,
min/ml/kg,71,,
survivors/total,71,,
pM mg-1,71,,
SI,71,,
% g-1,70,,
% conc,70,,
1/min,70,,
microg,69,,
kg.hr/L,69,,
ml min-1 kg-1,69,,
mol/min,68,,
kCal,68,,
log10CFU/g,68,,
uM h,68,,
Da,68,,
uIU/ml,67,,
g day-1,67,,
u equiv min-1,67,,
10'5/M.s,67,,
/M/cm,66,,
mg mouse-1,66,,
%/hr,66,,
IU ml-1,66,,
RLU,65,,
pM (10e6*cells)-1,65,,
number/group,65,,
log10,65,,
zone unit,65,,
m,65,,
l uM-1,65,,
fM (mg of protein)-1,64,,
1/s,64,,
10'-3M,64,,
nM/min,64,,
10^2 mm,64,,
g/m2,64,,
gAi,64,,
10'-3/M/s,64,,
/cm3,64,,
10'2/Da,63,,
log10FFU/ml,62,,
10'9/L,62,,
10^-6/M,62,,
log10CFU/ml.hr,62,,
microgAi/g,61,,
uM.hr/mg.kg,61,,
uL/min/kg,61,,
mM-1 min-1,61,,
ugequiv/ml,61,,
10'-3cpm,60,,
10^5/M/min,60,,
mg/mg/day,60,,
10'7/M/min,60,,
U mg-1,60,,
10'7mol/J,60,,
/min/microM,60,,
uM min-1 kg-1,59,,
mL/min,59,,
nM^-1 min^-1,59,,
min^-1,59,,
ug.hr/mL/mg/kg,59,,
10^3/M/s,58,,
nM.hr/mg/kg,57,,
10^-8cm/s,57,,
10'8/M,57,,
10'5/s,57,,
ug.hr/ml,57,,
Ug/ml,57,,
mmHg/s,57,,
ug equiv g-1,57,,
% dose/g,57,,
mmol/g,56,,
10'4/M.s,56,,
10'6CFU,56,,
mm microL/micromol,56,,
umolequiv/g,56,,
uM-1 min-1,56,,
ug ear-1,55,,
pA/pF,55,,
uM hr-1 kg-1,55,,
nanoseconds,55,,
L/h/Kg,55,,
months,55,,
ml/mg/kg,54,,
% dose g-1,54,,
dose/organ %,54,,
10^-5 cm/min,54,,
ml/min/g,53,,
mg/m2,53,,
mMequiv,53,,
%ID/ml,53,,
10'8/M/s,53,,
10^3 /uL,53,,
umol/cm2,53,,
nmol/cm2,52,,
10'6/s/M,52,,
10'-4/min,52,,
g (350g of rat weight)-1,52,,
nmol/mg/hr,52,,
million/mm3,52,,
degree,52,,
pM mouse-1,51,,
kCounts,51,,
10'-2/hr,51,,
ml mouse-1,51,,
10^7cm/s,51,,
CFU/g,50,,
ng/hr/ml,50,,
uL/ml/kg,50,,
number of mice,50,,
0-5h,50,,
fmol/min,50,,
10'5/ml,50,,
pmol/s,50,,
um/hr,49,,
PSL/mm2,49,,
10'3nM,49,,
N,49,,
hr.ng/ml,49,,
pmol.hr/g,48,,
nM/mg,48,,
ug of B g-1,48,,
mg ear-1,48,,
fold selectivity,48,,
pM min-1 (mg of protein)-1,48,,
mg g-1,47,,
/min/M,47,,
/mm3,47,,
L/Kg.hr,47,,
A% min-1,47,,
ul,47,,
ng dl-1,47,,
mmolequiv/L,47,,
U/min,47,,
10'4No_unit,47,,
pfu/ml,46,,
10'-3mg/ml,46,,
ug min-1 kg-1,46,,
uL/min/mg protein,46,,
10'-5 ug/ml,46,,
10'-6cm2/s,46,,
ug nM-1,46,,
10'6/mm3,46,,
hr.kg.ng/ml/mg,46,,
mM-1 s-1,46,,
10^-5cm/s,46,,
ng/ml/g,45,,
Miller_unit,45,,
uM ml-1,45,,
pg/g,45,,
pmol/mg protein,45,,
10'-6/cm,45,,
U ml-1,45,,
cal/mol,45,,
mg (g of body weight)-1,44,,
mOsmol kg-1,44,,
delta beats min-1,44,,
log pfu ml-1,44,,
M/M,44,,
c,44,,
10'3No_unit,43,,
10e4 M-1 s-1,43,,
10'3 /uL,43,,
micromol/m2/s,43,,
l hr-1,43,,
ml/g,43,,
10^-9M,43,,
10'-8cm/s,43,,
ml kg-1 6hr-1,43,,
ppb,42,,
max,42,,
nM.kg/mg,42,,
umol/mg/min,42,,
10^7/M,42,,
mN/meter,42,,
mg/cm3,42,,
u equiv kg-1,42,,
nM equiv (mg of tissue)-1,42,,
dead/total,42,,
10e-3 1/s,42,,
cm hr-1,42,,
ug dish-1,42,,
delta A min-1,42,,
l mol-1,42,,
10'5No_unit,41,,
nM min-1 kg-1,41,,
ug/g tissue,41,,
10'8/ml,41,,
degrees F,41,,
10'-4/M,41,,
pg/mm2,41,,
10'-3 mol/L,41,,
10'7No_unit,41,,
ng/mL.hr,41,,
10^5/s,40,,
RLU 10s-1,40,,
pM nM-1,40,,
uL/ml.millig,40,,
% injected dose g-1,40,,
ngequiv/ml,40,,
/day,40,,
Minutes,40,,
Bq,40,,
ng.hr.kg/mg/ml,40,,
uM/hr,39,,
10'12/M/s,39,,
u equiv of [Na+] kg-1 hr-1,39,,
10^-2/uM/min,39,,
ug (mg of protein)-1,39,,
10'-3uM/ml,39,,
(mg/kg)/day,39,,
Hz,39,,
ml 6hr-1 (kg of body weight)-1,39,,
mm mice-1,39,,
uL/min/1E6 cells,39,,
umol/hr,38,,
pmol/mg/hr,38,,
RFU min-1,38,,
ug disk-1,38,,
log10PFU/ml,38,,
10'-6 ug/ml,38,,
kilobase,38,,
10'2/M/s,38,,
/g,38,,
10^-2/min,38,,
(fM of GTP-gammaS bound) (mg of protein)-1,38,,
(ng of DNA) dish-1,38,,
=,38,,
10'6L/mol,37,,
uM s-1,37,,
ng.hr/Kg,37,,
um2,37,,
10'5/Ms,37,,
M g-1,37,,
pmol/min/ug,37,,
uV,37,,
V s-1,37,,
deltaOD/min,37,,
10'-5/ml,36,,
pM of cAMP min-1 mg-1,36,,
g%,36,,
/mmol/min,36,,
nmol/g tissue,36,,
L,36,,
p.p.m. in feed,36,,
1-s,36,,
ug/min/mg,36,,
rd mCi-1,36,,
mmHg hr-1,36,,
pmoles,36,,
mAU/min,36,,
pM (mg of protein)-1,36,,
c.p.m. hr-1,36,,
ml/cm3,36,,
mM hr,36,,
mg m**-2,36,,
Torr,36,,
10^-6uL/min,35,,
/nM/min,35,,
Counts 10min-1,35,,
/nmol,35,,
mgP kg-1,35,,
10'6/s,35,,
umol/dm3,35,,
mg 4kg-1,35,,
10'5/s/M,34,,
10e-6 cm s-1,34,,
hr.hr.ng/ml,34,,
mg of protein,34,,
pmolequiv/mg,34,,
10'8/M/min,34,,
10'5U/mL,34,,
10'3L/mol,34,,
1/sec,34,,
nmol.hr/L,34,,
cps,34,,
mU ml-1,34,,
ng.Eq/ml,33,,
T/C,33,,
10'12L/mol/s,33,,
weeks,33,,
cm*3,33,,
1/uM*sec,33,,
microM,33,,
mAU,32,,
abs/min,32,,
nmol/umol,32,,
10'5/M/min,32,,
ug (g of abscess)-1,32,,
cm3,32,,
u equiv of [Na+]  kg-1,32,,
ml.min/kg,32,,
/min/mM,32,,
AU.min,32,,
10^-10.mol/mg/min,32,,
umol/L/min,32,,
1/M.sec,32,,
uM/A unit/min,32,,
mM hr dose-1,32,,
ng/kg,31,,
J cm**-2,31,,
10^-3cm/min,31,,
10'3CFU,31,,
uM-1 s-1,31,,
hr.fmol,31,,
10^-1/s,31,,
10e-3 min-1,31,,
MPK,31,,
c.p.m. (mg of protein)-1,31,,
umol/min/kg,31,,
c.p.m. min-1 mg-1,30,,
dpm,30,,
ns,30,,
10'1AU.min,30,,
mg/kg.day,30,,
10'-7 ug/ml,30,,
l hr-1 kg-1,30,,
nmol/min/kg,30,,
k,30,,
10'-9meter/s,30,,
microg/mL2,30,,
10^-6/s,30,,
ng/cm2,30,,
10'4/M/min,30,,
uM sample-1,30,,
10'9/M,30,,
mgequiv/mmol,29,,
mg kg-1 injection-1,29,,
D4,29,,
ng.min/g,29,,
10'8CFU,29,,
(nM of drug) min-1 ml-1,29,,
10^4M,29,,
kDa,29,,
10^-9mol/L,29,,
pmol/mg prot.,29,,
revertants plate-1,29,,
g mouse-1 day-1,29,,
M s-1,29,,
*10e-5,29,,
nM/mg/kg,29,,
ul min-1 kg-1,28,,
Counts min-1 0.2ml-1,28,,
M min-1 M-1,28,,
Io/Eo,28,,
meter/s,28,,
ng/uL,28,,
10'-6/M,28,,
nanoampere,28,,
10'-7/s,28,,
mg kg-1 dose-1 day-1,28,,
uM.kg/mg,28,,
mm**2,28,,
ml/kg.min,28,,
ug (g of tissue)-1,28,,
microL/min/g,28,,
uM-1,28,,
10'-3mol/dm3,28,,
uM hr dose-1,28,,
10e6 l M-1,27,,
ug.hr/kg,27,,
turns hr-1,27,,
uM min-1 g-1,27,,
pmol.hr/ml,27,,
ng.hr/ml.mg,27,,
10'-5/M/s,27,,
ml g-1,27,,
uM day-1 kg-1,27,,
10'-9M,27,,
(nM of H202) min-1 (ug of protein)-1,27,,
(ug of cross-linked protein) (mg of protein)-1,27,,
pg mg-1,27,,
10e3* M-1 s-1,27,,
micrometer/day,27,,
10'13L/mol/s,27,,
USP-U/mg,27,,
nmol/hr/mL,27,,
nM hr-1 cm**-2,27,,
ugAi/L,26,,
%v/v,26,,
mmHg.hr,26,,
ug base equiv/g,26,,
V/s,26,,
mg kg-1 i.p.,26,,
10^-5 uM,26,,
pM min-1 well-1,26,,
um/min,26,,
Ie3 M-1 s-1,26,,
g/m,26,,
M/s,26,,
uM (g of spores)-1,26,,
uM min-1 mg-1,26,,
kg/L,26,,
pmol/mg.min,26,,
mL.min/g,26,,
um/s,26,,
/mm2,25,,
10^-8mol/L,25,,
1/S,25,,
mm rat-1,25,,
cells ml-1,25,,
ng/hr,25,,
ml hr-1,25,,
log10IU/ml,25,,
10'6PFU/ml,25,,
ug/ml/min,25,,
10^6 /uL,25,,
/s/mM,25,,
ug equiv/g,25,,
10^-5/s,25,,
mg %,24,,
micromol.hr/L,24,,
nM/min/mg,24,,
millions,24,,
%ID/g/hr,24,,
ul-1,24,,
/min.mg,24,,
cal/mol.K,24,,
ngAoxigen/min/mg of RLM,24,,
mm day-1,24,,
IU/l,24,,
mol/L.sec,24,,
10e4*cells,24,,
hr.ng/ml.mg,24,,
/nl,24,,
10'2/M,24,,
pg/L,24,,
hr/ha,24,,
uM/min.mg,24,,
ucm,24,,
ug well-1,24,,
10'12/L,24,,
pmol/cm2/hr,24,,
10^4/M/cm,24,,
10'-3uM/min,24,,
mg kg-1 (day in diet)-1,24,,
l s-1 M-1,24,,
EU/ml,24,,
10^-5 cm/s,24,,
10^8/M,23,,
10^12/L,23,,
ml.min-1,23,,
uM hr-1,23,,
10^4/M/min,23,,
10^3/ml,23,,
1/sM,23,,
ug of B (g of cells)-1,23,,
mmol/min,23,,
10^-7mol/L,23,,
10^-4microM,23,,
/ 7,23,,
ug hr uM-1,23,,
10^-4/min,23,,
ng.hr/ml/mg,23,,
10'4L/mol/s,23,,
MKP,22,,
h,22,,
/min/nM,22,,
10'-6cm/min,22,,
mg hr-1 kg-1,22,,
delta mV,22,,
pmol/min.mg,22,,
mM-1,22,,
fM,22,,
kC/sec,22,,
turns min-1,22,,
10'4/Ms,21,,
nM hr-1 mg-1,21,,
RFU/min,21,,
10'4Meq,21,,
um3/um2,21,,
RFU/s,21,,
nM l-1,21,,
ugequiv/l.hr,21,,
10^7/M/s,21,,
10'6dpm,21,,
delta %,21,,
/cm2,21,,
L.h-1,21,,
g/ml,21,,
day of onset,20,,
/ms,20,,
%molar,20,,
A1/A2A,20,,
nmol/g.hr,20,,
mM s-1,20,,
r.p.m.,20,,
uCi ml-1,20,,
ffu ml-1,20,,
cm-1,20,,
mg%,20,,
10^6/ml,20,,
l kg-1,20,,
10^-2microM,20,,
nM s-1,20,,
J/mol.K,20,,
mg 10g-1,20,,
ngequiv.hr/g,20,,
ml min-1 100g-1,20,,
10'9/M/s,20,,
microg/cm2/h,20,,
nmol/ml.min,20,,
K/uL,20,,
deltaA.10^4nmol-1,20,,
kJ m**-2,20,,
umolequiv/L,20,,
%Idose,20,,
10^4/ml,19,,
10^4/Ms,19,,
ug (g of wet tissue)-1,19,,
mol/g,19,,
10'3/M.s,19,,
mU/mg,19,,
log10ng/ml,19,,
Counts min-1,19,,
kg-1,19,,
g/cm2,19,,
10^12/M/s,19,,
ug/disk,19,,
millimeter/min,19,,
ug/hr.kg,19,,
M-1-s-1,19,,
mean counts,19,,
uM of O2 min-1,19,,
10^6/M/min,19,,
mg uM kg-1 day-1,19,,
10^5nM,19,,
g (100g of body weight)-1,19,,
1/M 1/s,19,,
pg/mL,19,,
uL/min/pmol,19,,
10'-5g/L,18,,
10'-6 mol/L,18,,
10'-8 ug/ml,18,,
%/min,18,,
J/cm2,18,,
pM 30min-1 (mg of DNA)-1,18,,
M hr-1,18,,
% of dose,18,,
ng/cm2/min,18,,
HAU/ml,18,,
M dm-3,18,,
pixel,18,,
units/mL,18,,
pM of drug (10e6*cells)-1,18,,
KgAi/ha,18,,
nl/min,18,,
uM h kg/mg,18,,
microsec,18,,
uM.min,18,,
min.g.nM/mg,18,,
deltaA.10^4nmol-1.min-1,18,,
ugequiv.hr/g,18,,
10'6CFU/g,18,,
uL/min/mL,18,,
2mg kg-1,18,,
[Na+]/[K+],18,,
mg/cm2,18,,
mg uM kg-1,18,,
UI l-1,18,,
10^3No_unit,18,,
U (mg of protein)-1,18,,
10^-8mol/s,18,,
10^-9No_unit,18,,
nM hr ml,18,,
/millimeter,18,,
day of death,18,,
pg 0.1ml-1 500x10^3,17,,
ug/mL/mg/kg,17,,
10^-4No_unit,17,,
ug hr-1 g-1,17,,
/mM,17,,
ug/dl,17,,
10'2/min,17,,
10'-12 ug/ml,17,,
nM-1 min-1,17,,
10'7/ml,17,,
10'6No_unit,17,,
nM.hr/mg,17,,
10'6nM,17,,
(fM of O6-MeG removed) (mg of protein)-1,17,,
pA,17,,
VR,16,,
equiv/uM,16,,
l/min/mg,16,,
optical density/minute,16,,
SUV.min,16,,
ng/islet/h,16,,
pmol/ug,16,,
pmolequiv,16,,
k hr-1,16,,
ug dl-1,16,,
log10PFU,16,,
hr2,16,,
se-1,16,,
mMequiv/mg,16,,
mmol/min/mg,16,,
nmol.min.g-1,16,,
ugA/ml,16,,
ng mg-1,16,,
g l-1,16,,
U/g,16,,
g cm**-2,16,,
uM/Gy,16,,
mg/min/mL,16,,
mmHg/min,16,,
ug/100mg of tissue,16,,
mU/L,16,,
μg/mL,16,,
10'8pM,16,,
/mmol,16,,
10'-4/nM/min,16,,
10^3/mm3,16,,
10^2/M/s,16,,
%/min/pmol,16,,
10'6 /uL,16,,
10'-6nanometer/s,16,,
FU/min,16,,
Ci mM-1,16,,
10e3mm,16,,
10'1/M,16,,
M ml-1,15,,
uM of MDA (mM of deoxyribose)-1,15,,
1/Maa,15,,
umol/kg/hr,15,,
FU,15,,
air/N2,15,,
picometer,15,,
10'-4/M/s,15,,
Angstrom,15,,
nM/ml,15,,
mS/cm,15,,
mmolequiv,15,,
10'-3/hr,15,,
/nM/s,15,,
BWC,15,,
uA.cm^-2,15,,
mg/min/microL,15,,
10^12L/mol/s,15,,
yr,15,,
mg uM kg day-1,15,,
ng/mL.hr/(mg/kg),15,,
L/mmol/s,15,,
g mouse-1 on day 8,15,,
10^5/ml,15,,
/10'2cm3,15,,
10^13L/mol.s,15,,
Dilution factor,15,,
m equiv [H+] l-1,15,,
cm**2,15,,
RLU/mg,15,,
pmol/min/g,15,,
mJ/m2,15,,
nM min-1 mg-1 mM-1,14,,
(mg of protein)-1,14,,
uA.cm'-2,14,,
10'-3/microM/s,14,,
nM min-1 ml-1,14,,
10^-12M,14,,
mpk,14,,
10'-3cm/min,14,,
10'3/uM/s,14,,
nmol/min/mg protein,14,,
mg.hr/ml,14,,
square millimeter,14,,
mg ml-1 kg-1,14,,
mg/me2,14,,
nM hr-1 (mg of worm),14,,
ug m/L,14,,
10^4No_unit,14,,
nM hr-1 (10e6*cells)-1,14,,
microM/mg/kg,14,,
10'3s,14,,
mM-hr,14,,
10'-10mol/min,14,,
10'5mM,14,,
uM site-1,14,,
10'-1/min,14,,
L/s,14,,
ml-1,14,,
ml s-1,14,,
10'-7mol/cm2,14,,
mm.mm,14,,
min-1 M-1,14,,
uS,14,,
umol/uL,14,,
mM (l of whole blood)-1,14,,
nmol/J,14,,
ug of B/ml,14,,
IU/dl,14,,
10'-5OD/s,14,,
nM/hr,14,,
uM/day,14,,
nM/ml.hr,14,,
10'-4m3/mol,13,,
ug.hr/ml/day,13,,
ug/sq.cm,13,,
degreeC.hr,13,,
10'9CFU/g,13,,
mpk/d,13,,
cm/min,13,,
(ng of PGE2) (mg of protein)-1,13,,
AU/min,13,,
ug/g.min,13,,
ug rat-1,13,,
ml.Kg/min,13,,
10^5L/mol,13,,
delta OD340 min-1,13,,
10'3/ml,13,,
ug/ml.hr^2,13,,
uM of ABTS min-1,13,,
10'-4 mol/L,13,,
ml/kg.hr,13,,
mg/g DW,13,,
ng.hr/g/mg/kg,13,,
10^-5/nM/s,13,,
kDa-1,13,,
10'-7/M,13,,
Ke nM-1,13,,
pmol/uL,13,,
10^-6M,13,,
10'11/M/s,13,,
hr/mL,13,,
10^-4/M,13,,
hr.nM,13,,
nmol/hr/L,13,,
uM-1 kg-1,13,,
nM min-1 (10e6*cells)-1,13,,
m equiv l-1,13,,
M mouse-1,13,,
mg.min/dL,13,,
10'2/s/M,13,,
mg/L.hr,13,,
pug ml-1,13,,
(nM of CO2) 30min-1 (mg of protein)-1,13,,
%w/v,13,,
umol/cm3,13,,
nH,13,,
10'-10m2/s,13,,
log CFU,12,,
10^-6/M/s,12,,
10^9/ml,12,,
10e-4 K s-1,12,,
ml kg-1 5hr-1,12,,
kg.ng/ml/mg,12,,
pM ml-1,12,,
10'6/min,12,,
10^-9 L min-1,12,,
(ng of TXB2) (mg of protein)-1,12,,
10^-6No_unit,12,,
ka/Ks,12,,
uM 15min-1 mg-1,12,,
m equiv 4hr-1,12,,
d,12,,
pl/min,12,,
10^8/ml,12,,
fM assay-1,12,,
mg/kg/hr,12,,
ug l-1,12,,
rad equiv,12,,
g.hr,12,,
mg.equiv,12,,
mg m-1,12,,
mg/ml/kg,12,,
u equiv of [H+] 2hr-1,12,,
ucat/L,12,,
10'-2k/min,12,,
h·fmol/million cells,12,,
hr.microg/ml,12,,
10'-4deltaA/s,12,,
hr.sec,12,,
10^-5 mol/L,12,,
micrometer,12,,
ug.cm'-2,12,,
hr2.ng/ml,12,,
micromol/s,12,,
(ug/ml)/(mg/kg),12,,
10^-10mol/L,12,,
fmol/g,12,,
nmol.min,12,,
KA,12,,
TD50/MIC50,12,,
L.h-1.m-2,12,,
nA,12,,
10'5/cm'3,12,,
pM hr-1,12,,
mmHg beats min-1,12,,
M min-1 (M of enzyme)-1,12,,
((ug.h.ml-1)/(mg/kg),12,,
10e6 ul-1,12,,
(mg of CPT) kg-1,12,,
10'4/s,12,,
c.p.m. mg-1,12,,
mmHg ml-1 min-1 g-1,12,,
J/mol/K,12,,
10'-9PFU/ml,12,,
no. of living cells (10E3) /mL,12,,
AUC units,12,,
nM.hr/L,12,,
10'3/cm2,12,,
M/m3,12,,
10'3/s/M,12,,
nM stent-1,12,,
ng ml-1 hr-1,11,,
pmol/uM/min,11,,
ug/mol,11,,
millimeter/sec,11,,
abs/time,11,,
uM hr l-1,11,,
10^6/Ms,11,,
uM h/mpk,11,,
deltaA/min,11,,
10-6 cm/s,11,,
hr/ng.ml,11,,
10^-5/M,11,,
10'-8mol/L,11,,
10'7log10CFU/ml,11,,
10'-2 cm/s,11,,
microM/L.hr,11,,
hr.nmol/ml,11,,
mm3/day,11,,
10^6/s,11,,
10'4nM,11,,
pM of citrulline min-1 (mg of protein)-1,11,,
ml/(min.mg),11,,
10'-6/M/s,11,,
10^-3/min/uM,11,,
10'-5 mol/L,11,,
uM/micrometer/s,11,,
ug day-1 kg-1,11,,
mg uM  kg-1 day-1,11,,
spec bound mg-1,11,,
nM (mg SR protein)-1,11,,
10^13L/mol/s,11,,
log10CFU/ml/hr,11,,
cal/mol/deg,11,,
10'-6cm/s,11,,
ug/Kg/min,11,,
ug (100mg of duodenum)-1,11,,
10'-6mg/kg,11,,
pM well-1,11,,
IU/g,11,,
pfu mg-1,11,,
10'3/mol,10,,
fM ml-1,10,,
mg/min/kg,10,,
nM min ml-1,10,,
ug m1 l-1,10,,
nmol/g/min,10,,
rel,10,,
mU m l-1,10,,
pCi cell-1,10,,
number convulsed,10,,
mg/kg uM h,10,,
mg/kg,10,,
quanta*10e-18,10,,
1/M*s,10,,
number passed,10,,
10^5/M.s,10,,
Counts 30min-1,10,,
quanta,10,,
nM.min,10,,
number ul-1,10,,
um2/s,10,,
g 100g-1,10,,
u equiv hr-1,10,,
U/ms,10,,
uM min l-1,10,,
ug.ml-1,10,,
M 50ul-1,10,,
ng.hr,10,,
10^3/M.s,10,,
pM kg-1,10,,
10'-5L/mol,10,,
pM of cGMP (min)-1 (mg of protein)-1,10,,
10'6/M.s,10,,
% mmHg min,10,,
ug/ml.hr,10,,
ml/min/m2,10,,
10e-3 s-1,10,,
pM min-1 assay-1,10,,
log10/ml,10,,
L.m-2,10,,
10'5mmol/min/mg,10,,
ug.min/g,10,,
10^-7cm2/sec,10,,
ug of tissue,10,,
micromol.hr/L/mg/kg,10,,
nmol.hr,10,,
10'10/M,10,,
pmol.min.mg-1,10,,
KA Units,10,,
10'-4No_unit,10,,
Karmen units,10,,
pmol/10E6 cells,10,,
10'-7No_unit,9,,
ng/mL/(mg/kg),9,,
10^-3/hr,9,,
uM tube-1,9,,
nmol/kg,9,,
10^12/M,9,,
nmol/kg/day,9,,
h/min,9,,
10'-9 ug/ml,9,,
10'-6uL/min,9,,
10'-8mol/cm2,9,,
M/min,9,,
10^1 uM,9,,
10^3 uM,9,,
L/min/umol,9,,
log10RLU,9,,
uM/min,9,,
nM min-1 (nM of cytochrome P450)-1,9,,
ng 2hr-1,9,,
10^2No_unit,9,,
uM L,9,,
uM mg-1,9,,
mequiv/L,9,,
uM mM-1,9,,
10^-5No_unit,9,,
mean day of death,9,,
10^-7M,9,,
10^-6 microM/s,9,,
uM hr-1 mg-1,9,,
10e3 s-1,9,,
10'6/uM/s,9,,
nM min-1 (10e-6*cells)-1,9,,
10^6No_unit,9,,
microL/ml/min,9,,
-V,9,,
ug ml-1 ml-1,9,,
10'4 /uL,9,,
10'4/ml,9,,
10^6nM,9,,
pmol/10^6cells,9,,
A570 min-1,9,,
micromol/kg,9,,
mmHg ml-1 min-1,9,,
10'4log10CFU/ml,9,,
millimeter/mg/ml,9,,
10'-4nM,9,,
app,9,,
10'6mol/L,9,,
mm**-3,9,,
pM l-1,9,,
10e7 exchanged dCps (ng of DNA),9,,
ug/min.kg,9,,
10'5L/mol/s,9,,
ug/hr,9,,
cm2/sec,9,,
c.p.m./Abs,9,,
10'5log10CFU/ml,9,,
10'5nM,9,,
ml/hr/kg,9,,
pM min-1*ml-1,9,,
10e3 ul-1,9,,
(nM of CO2) hr-1 (mg of protein)-1,9,,
pmol/mg.hr,9,,
pM 2hr-1,9,,
omegacm2,9,,
nM day-1 kg-1,9,,
number,9,,
Amax nM-1,9,,
pCi mg-1,9,,
pmol/min/cm2,9,,
time day-1,9,,
ug hr ml-1,9,,
ug fly-1,9,,
/M/hr,9,,
mg min-1 kg-1,9,,
ul.min.nmol-1,9,,
10e2 M-1 s-1,9,,
10'-6/s,9,,
10^-8M,8,,
mmol/L/hr,8,,
10'-3dpm,8,,
nmol/hr/microg,8,,
mg 100g-1 24hr-1,8,,
ng.hr.kg/ml/mg,8,,
10'-5/nM/min,8,,
nmolequiv/g,8,,
10'-8/s,8,,
ng.hr.kg/ml.mg,8,,
nmol/mouse,8,,
ml/hr.kg,8,,
10'-6cm/s2,8,,
nmol/mg.hr,8,,
ng/dl,8,,
nM milliunit-1,8,,
10'-3mmol/kg,8,,
pg min-1 (mg of protein)-1,8,,
pM tube-1,8,,
pM ul-1,8,,
microL/min/kg,8,,
nanomol/min,8,,
mpk day-1,8,,
mutants (10e4*survivors)-1,8,,
10'9/M/min,8,,
mg kg-1 hr-1,8,,
ng 2hr-1 (10e5*cells)-1,8,,
10'-2/M,8,,
microg.min/mL,8,,
pM forebrain-1,8,,
10'-2/microM/s,8,,
nM/g,8,,
10'4mol/L,8,,
pg/ml/hr,8,,
10'1/mm2,8,,
10'-5 cm/min,8,,
pmol/million cells,8,,
10'-7nmol/cm2/min,8,,
10^-3mM,8,,
mg/Ecm,8,,
uM (g of tissue)-1,8,,
M min-1 mg-1,8,,
0-24hr,8,,
dpm mg-1,8,,
kcal/mol/K,8,,
ug ear-1 dose-1,8,,
M of drug (M of BSA)-1,8,,
cm min-1,8,,
deg.cm2/dmol,8,,
vomiting/tested,8,,
ukat kg-1,8,,
hr.nmol/g,8,,
Kcal/kg/day,8,,
cpm/uL,8,,
(ng/mL)/(mg/kg/day),8,,
10^3(1/Ms),8,,
um3,8,,
ug/cm2.hr,8,,
%.hr,8,,
M (M of tubulin)-1,8,,
ul g-1,8,,
h-1,8,,
10^2/ml,8,,
ug/10e6 cells,8,,
kcat/Km,8,,
g/ml/min,8,,
90 min,8,,
N/total,8,,
deltaA/s,8,,
10^5/s/M,8,,
OD/mm2,8,,
*10e6,8,,
10^5/Ms,8,,
(mg/kg)/(ug/ml),8,,
((ng/mL).hours)/(mg/kg/day),8,,
10^5No_unit,8,,
ug weight-1,8,,
(umol/L)/(mg/kg),8,,
(umol.h/L)/(mg/kg),8,,
uM.min.kg/mg,7,,
kBq/cm3,7,,
%.min,7,,
nM/unit,7,,
mgequiv/g,7,,
nmol/g.min,7,,
10'2/s.M,7,,
ml 2hr-1,7,,
10^7/g,7,,
10^-5/M/s,7,,
10'8CFU/ml,7,,
10'7CFU/g,7,,
uU/ml,7,,
min.ug/ml/(mg/kg),7,,
min-1 hr-1,7,,
millimeter/hr,7,,
mean,7,,
microM/hr/mg,7,,
-1/min,7,,
ug/10e6,7,,
10^1/Ms,7,,
eV,7,,
10'-4mg/ml,7,,
min.uM,7,,
uL/min/U,7,,
1/M*1/S,7,,
10^7/ml,7,,
ug rat-1 hr-1,7,,
uL min-1 mg-1,7,,
10^-4ml/g/s,7,,
PuM,7,,
ppm g dm**-3,7,,
(mg of base) 20g-1,7,,
10^7/M/min,7,,
m M-1 hr-1,7,,
Gy,7,,
fg,7,,
10'5/mm3,7,,
10'5AU/sec,7,,
PFU.mL-1,7,,
ug/ml.hr'2,7,,
m/3h,7,,
ug embryo-1,7,,
10'3log10CFU/ml,7,,
uM hr-1 ml-1,7,,
rotations min-1,7,,
10'-1/hr,7,,
umol/dm'2,7,,
pM (10e5*cells)-1,7,,
ng/kg/day,7,,
uM.hr.mg/kg,7,,
10e6 F,7,,
%/mmol,7,,
10'-10M,7,,
uM min-1 unit-1,7,,
uM g kg-1,7,,
umol/cm2/hr,7,,
10^2/Ms,7,,
pM s-1 mg-1,7,,
10^10/M,7,,
L/hr.Kg,7,,
uM.kg/diet,7,,
units ml-1,7,,
10'6/Ms,7,,
uM min-1 (ug of protein)-1,7,,
% injected dose cm**-3,7,,
nM equiv mg-1,6,,
nM min-1 g-1,6,,
AU mm-1,6,,
10'-4 cm/min,6,,
Not_given,6,,
10'-4/uM/s,6,,
nmol/min/U,6,,
umol/L/s,6,,
ug min l-1,6,,
/10'3mm'-3,6,,
10^6/M.s,6,,
fM uterus-1,6,,
fM ug-1 min-1,6,,
eggs/g,6,,
Papp* 10E6 cm/s,6,,
ug mg-1 kg-1,6,,
-mV,6,,
10'2/s,6,,
mh/kg,6,,
fM g-1,6,,
mg/ng/ml,6,,
nM hr-1 (mg of protein)-1,6,,
10^8/g,6,,
nM equiv (ml of urine)-1,6,,
(mg of base) kg-1,6,,
cmH2O/ms,6,,
ug/kg/day,6,,
molar fraction,6,,
pH7.4,6,,
U/mg/uM,6,,
cal/mol/K,6,,
10e3 um2,6,,
10'3ml/min,6,,
(mg of prostate) (100g of body weight)-1,6,,
pM min-1 (g dry weight)-1,6,,
ml/min/nmol,6,,
pM (2*10e6*cells)-1,6,,
ml/s/g,6,,
pM hr-1 mg-1,6,,
pM hr-1 g-1,6,,
U/uM,6,,
amol/cell.min,6,,
(mg/kg)/(ng/ml)/hr,6,,
a.u,6,,
AU/mm,6,,
W,6,,
10'6/100microL,6,,
cpm/mm2,6,,
nM equiv (ml of blood)-1,6,,
cysts g-1,6,,
10'-4g/L,6,,
umol cm2/hr,6,,
(ug of misoprostol) kg-1,6,,
delta A/min,6,,
million,6,,
number of cells ml-1,6,,
number of descendants/number of tested,6,,
(ug of base) ml-1,6,,
g dl-1M-1,6,,
Svedberg,6,,
T-C,6,,
pS,6,,
(g kidney)-1,6,,
mutants ug-1,6,,
10'-5mg/ml,6,,
days (optimal dose)-1,6,,
pM/10e9,6,,
10^9/M,6,,
ml d-1,6,,
pA2,6,,
ml mg-1 kg-1,6,,
um3/um2/day,6,,
pmol/min/pmol,6,,
units/assay,6,,
g/hr,6,,
10'11L/mol/s,6,,
10^13/M/sec,6,,
mU mg-1,6,,
10^-6 mol/L,6,,
ngequiv,6,,
/nM,6,,
mL/min/m2,6,,
MFU,6,,
ng.eq.h.ml-1,6,,
10'-7/hr,6,,
10^2CFU,6,,
umol/mol,6,,
Kg.mg.hr/L.mg,6,,
10^2 nM,6,,
gAe/L,6,,
mM min-1,6,,
10'-7mol/L,6,,
10^-1microM,6,,
10'-8mol/min,6,,
uM 100ml-1,6,,
uL/min/nmol,6,,
10'-8mol,6,,
mM.min,6,,
KA/dl,6,,
mg kg-1 4day-1,6,,
10'-2ppm,6,,
u-1 hr-1 ml-1,6,,
m M-1 min-1,6,,
1/M.s,6,,
uL/g,6,,
Kb M-1,6,,
hr.hr.ug/ml,6,,
10^-4/M/s,6,,
10'13/M/sec,6,,
Momega,6,,
L/mg,6,,
nM.hr/g,6,,
mV/ms,6,,
uL/g.min,6,,
J,6,,
10'-6mmol/L,6,,
mBq,6,,
10^-8M/s,6,,
uM.h. kg/mg,6,,
% dpm,6,,
s-1 min-1,6,,
uL/OD/min,6,,
uM.hr/mg,6,,
uL/min/10e6 cells,6,,
kU,6,,
mg monkey-1 day-1,6,,
nmol/mg protein/h,6,,
mcg/mL,5,,
min.ng/g,5,,
min.sec,5,,
10^3/min,5,,
ng day-1,5,,
nL/pmol/min,5,,
ug h/g,5,,
10'7/g,5,,
10'-4umol/ml,5,,
10'10/M/s,5,,
M min-1,5,,
N/mm,5,,
mM hr-1,5,,
min.ug/ml,5,,
ml/mm/kg,5,,
L/m2,5,,
mAU ml-1,5,,
pKi,5,,
ml/hr/mg,5,,
ml/min.mg,5,,
10'5pM,5,,
ml/cm3/min,5,,
10'5CFU/ml,5,,
uM hr ml-1,5,,
uM.hr/day,5,,
ng/ml/hr,5,,
ng/ml/mg,5,,
mJ,5,,
10^-7No_unit,5,,
Ci/M,5,,
10^9/s/cm2,5,,
10^-6 uM,5,,
mL/mg/kg,5,,
mM (mg of protein)-1,5,,
hr.kg.ug/ml/mg,5,,
bts min-1,5,,
10'-7mol,5,,
10'-1ppm,5,,
10^8/M/min,5,,
pmg kg-1,5,,
10'5/uL,5,,
mg kg-1 dose-1,5,,
uM uM-1,5,,
Pmol,5,,
toxicity,5,,
10^6/s/M,5,,
10^6/mm3,5,,
(mg/kg)/(uM),5,,
mg/uL,5,,
10^4 uM,5,,
fM cell-1,5,,
g/hr/kg,5,,
10'-8mol/kg,5,,
log(1/M),5,,
mg/min/g,5,,
pmol/min.ug,5,,
ug 100ml-1,5,,
10^1/M/s,5,,
%ID.m^-2,5,,
mg/kg/min,5,,
10'11PFU,5,,
nM.hr/ml,5,,
/cm,5,,
liposomes ml-1,5,,
mg.hr/kg,5,,
pM 10min-1,5,,
nM min-1 cm**-2,5,,
nM-1 min-1 (mg of protein)-1,5,,
umol/l.hr,5,,
10'-3umol/min,5,,
10'-6microL,5,,
M.hr.kg/mg,5,,
g/mm,5,,
%Idose/kg,5,,
10'-2nmol,5,,
10^-8No_unit,5,,
(mg)/(ug/ml)/hr,5,,
mg (g of tissue)-1,5,,
nanometer2/sec,5,,
deltalog10CFU/ml.hr,5,,
deltalog10pfu/g,5,,
area/min/mg,5,,
pmol.hr,5,,
uM min uM-1,5,,
umol.hr/kg,5,,
disintegrations/min,5,,
pmol/(s.cm2),5,,
10^3L/mol,5,,
mg cm-1,5,,
pmol/E109 cells,5,,
10'3ug/ml,5,,
dyn/cm,5,,
umol/min/ml,5,,
mm**3 day-1 ,5,,
pmol/Kg,5,,
microM.hr^2,5,,
10^-2No_unit,5,,
pmol/10E9 cells,5,,
10^-6nanometer/s,5,,
L/hr/1.73 m2,4,,
(mg/kg)/(ng/ml),4,,
% delta,4,,
10'-8m/s,4,,
mmol.L/hr,4,,
10'-8mg/ml,4,,
ng/dL,4,,
mmol/m2/s,4,,
AU/L,4,,
10'-5umol/ml,4,,
10'3kdyun/cm3,4,,
nmol/min/ug,4,,
nanometer/sec,4,,
nmol/L.min,4,,
((mmol/day)/100g),4,,
RL,4,,
RFU/ug/min,4,,
M-min,4,,
M/uL,4,,
nmol/g/uM,4,,
ng/mL.kg,4,,
10'2/mol/s,4,,
nmol/hr.cm2,4,,
PFU/ml,4,,
IU uM-1,4,,
Molecules (LDL particle)-1,4,,
nM min-1 (unit XOD)-1,4,,
umol/kg.min,4,,
ROI,4,,
Karmen,4,,
nM U-1 hr-1,4,,
nmol/ mL h,4,,
10'3L/M,4,,
U/g.Hb,4,,
U/dl,4,,
% hr-1,4,,
Cdyn,4,,
L/mol/min,4,,
L (M min)-1,4,,
nl min-1,4,,
ms-1,4,,
ng mg-1 hr-1,4,,
nmol of MDA/mg of LDL,4,,
10'2No_unit,4,,
number min-1,4,,
nmol.hr/kg,4,,
nM MDA (mg LDL)-1,4,,
AU.min/L,4,,
uM mouse-1,4,,
mmHg/L.min,4,,
10^-1/M/s,4,,
g-1 min-1 ml-1,4,,
10^-10M,4,,
/kM/s,4,,
ug cm**-3,4,,
ug .h/g,4,,
g/hm2,4,,
10^4/M.s,4,,
g/min,4,,
mg kg-1 p.o.,4,,
mg kg-1 i.d.,4,,
/nM.min,4,,
u equiv 2hr-1,4,,
10^3uM,4,,
10'-3 log10CFU/ml/hr,4,,
uUnits ml-1,4,,
/RU/s,4,,
mg.kg/inj,4,,
mg day-1,4,,
g rat-1 day-1,4,,
pmol/min/10^6cells,4,,
mg/m3,4,,
100mg kg-1,4,,
fmol/uL,4,,
fmol/ug,4,,
10^5L/mol/s,4,,
g %,4,,
pmol/mm3,4,,
10'-3ppm,4,,
10'4CFU/ml,4,,
g kg-1,4,,
mg/10g body weight,4,,
mg/(ng/ml)/min,4,,
mg.min/m3,4,,
10^4nM.min,4,,
uCi min ml-1,4,,
10^-3/M/s,4,,
pmol/min.ml,4,,
10^-6/cm,4,,
uM hr,4,,
mIU/ml,4,,
mIU/L,4,,
mAU/min/uM,4,,
10'-14 ug/ml,4,,
m/M,4,,
10^-7/s,4,,
kcps,4,,
kg-1 hr-1,4,,
10^1pg/ml,4,,
kg.mg/L.mL,4,,
10'-10 uM,4,,
10'-13 ug/ml,4,,
10'-12/M/s,4,,
uM min-1 ml-1,4,,
1/Pmax s,4,,
uM h/(mg/kg),4,,
hr.%ID/ml,4,,
10'-1mg/ml,4,,
10^-3mg/ml,4,,
hr.kg.L,4,,
uL/hr/10^6cells,4,,
uM/kg,4,,
uL/min.ml,4,,
10^-4/uM/min,4,,
mU.nmol/h,4,,
hr.ug/g,4,,
hr/L.kg,4,,
uL/sec/g,4,,
uM.min/ml,4,,
inches,4,,
mM min,4,,
10^-5M,4,,
1/Pmax,4,,
10'9uL,4,,
ng/islet/1h,4,,
mg/ml/g,4,,
10'5L/M,4,,
ug/10^6 cells,4,,
10'-5 uM/s,4,,
min.ng/L,4,,
min/mL,4,,
10^9(p/s)(uW/cm^2),4,,
pMl hr-1,4,,
10'6uL,4,,
pM/mg,4,,
ml 20min-1,4,,
10'6CFU/ml,4,,
ml/min/hr,4,,
dP/dtmax,4,,
mg/mm3,4,,
ug/L.hr,4,,
10e-6*s cm-1,4,,
ml rat-1 day-1,4,,
ml s-1 (10e4*g)-1,4,,
ug/g.hr,4,,
10e4*cm min-1,4,,
(nM of vector) (ug of DNA)-1,4,,
(nM of XMP formed) hr-1 (mg of protein)-1,4,,
10'-5AU/sec,4,,
10e3*k,4,,
ml/kg/hr,4,,
(nM of CO2) hr-1 mg-1,4,,
cells mouse-1,4,,
10e-5*cm/min,4,,
cm'-6/s,4,,
min-1 s-1,4,,
milliosmole,4,,
14-21 day,4,,
microg/g,4,,
pM hr-1 (mg of protein)-1,4,,
dpm ml-1,4,,
microM/microg/sec,4,,
AB cm/s,4,,
10'-4M/ml,4,,
pM U-1 min-1,4,,
dp/dt,4,,
microg.hr/mL.g,4,,
pmol.min/mg,4,,
10'4OD/sec,4,,
300mg kg-1,4,,
10'9/s/cm2,4,,
pg/ml/min,4,,
10'7CFU,4,,
10'-4AU/sec,4,,
10^8/M/s,4,,
ml/min/uL,4,,
10'-4nmol,4,,
mgequiv/ml,4,,
mg/uM,4,,
10'-5No_unit,3,,
uM h/dose,3,,
uM x h/dose,3,,
10'-5deltaA/s,3,,
ng/mg prot.,3,,
(mg/kg)/(ug/ml).hr,3,,
pM (4 min)-1 (mg of protein)-1,3,,
uM.hr.kg,3,,
ng/mL.hr'2,3,,
10'-16M,3,,
10'-15 ug/ml,3,,
10'-13/s,3,,
ug/ml/hr,3,,
10'-5cm/hr,3,,
10'-8No_unit,3,,
ng/min,3,,
"%,%",3,,
uM/min/uL,3,,
pIC50,3,,
10'-4umol/min/U,3,,
10'-4 ug/cm2,3,,
nmol/min.uM,3,,
pmol/h,3,,
pmol/OD/min,3,,
ug hr-1 kg-1,3,,
%Idose/L,3,,
pmol/OD,3,,
10'-3mol%,3,,
*10e6/s,3,,
nmol/mg LDL,3,,
nmol/mL,3,,
pmol adducts/mg DNA,3,,
pgequiv/ml,3,,
10'-3g/L,3,,
umol/min/g,3,,
uM J-1,3,,
um3/um2/yr,3,,
score,3,,
10'-3OD/min,3,,
(mM of AZT) (mg k-carrageenan)-1,3,,
10'-6umol/ml,3,,
nmol/100.000 cells x h,3,,
uL/g/min,3,,
pD2,3,,
pH,3,,
uh ml-1,3,,
10'-2 mol/L,3,,
nmol.L-1,3,,
nmol of acetaldehyde(AcH) oxide per minute per mg of protein,3,,
10'-1nmol,3,,
umol/g tissue,3,,
L/ha,3,,
RLU (mg of protein)-1,3,,
EU/mg,3,,
10^-4M,3,,
TI,3,,
nM (nM of NOS),3,,
Counts hr-1,3,,
nM Pi min-1 (mg of protein)-1,3,,
ml beat-1 kg-1,3,,
1E4/M,3,,
block/treat,3,,
Counts/minute,3,,
10'6pM,3,,
nM hr-1,3,,
bpm.hr,3,,
c.p.m. (mg of melanin)-1,3,,
nCi/cc,3,,
mM-1s-1,3,,
min1 M1,3,,
10^4/s,3,,
mg.min/L,3,,
cm (10e3*hr)-1,3,,
nM min-1 unit-1,3,,
10'13L/mol,3,,
FU min-1 uM-1,3,,
FU uM-1,3,,
mL,3,,
mEq/dL,3,,
mg/cubic cm,3,,
10'2log10CFU/ml,3,,
TS,3,,
min uM-1,3,,
10'3cm,3,,
10^6m/s,3,,
mm/m/s,3,,
U/min/nM,3,,
10'5CFU,3,,
mmHg ml-1 min-1 kg-1,3,,
mg mg-1,3,,
10'4M,3,,
10'4/mol,3,,
ml/mg,3,,
10^5uM,3,,
10^-3/M/min,3,,
mg cm**-2,3,,
mol/L/min,3,,
g/cm,3,,
10'5uM,3,,
a.u.L/mol.cm,3,,
10'3/min,3,,
mg uM (kg of body weight)-1,3,,
10^-3L/mol/min,3,,
10^-3No_unit,3,,
ms s-1,3,,
10'6/mol,3,,
ms/s1/2,3,,
accumulated counts 30min-1,3,,
10^4cal/mol,3,,
nCi g-1,3,,
10E3*1/M*1/s,3,,
mg kg-1 uM-1 hr-1,3,,
10E3*1/M,3,,
10^3/s/M,3,,
10-6 cm s-1,3,,
10'1/s/M,3,,
10'11L/mol,3,,
microm2/micrometer/d,3,,
10'7nM,3,,
10^11/M/s,3,,
10^12L/mol.s,3,,
10'7pM,3,,
dB,3,,
Kg/hr.m2,3,,
mg/ng/ml/hr,3,,
10'8CFU/g,3,,
dec,3,,
M (M of enzyme)-1,3,,
10^8No_unit,3,,
microM/g,3,,
microM/Kg,3,,
ng.hr2/ml,3,,
ng/(hr.mL.mg.kg),3,,
kN/m2,3,,
10^2/M,3,,
microM.hr.kg/umol,3,,
microA,3,,
ng/10^6 cells × hr,3,,
L/hr/m2,3,,
cps/nM,3,,
d se-1,3,,
10'10L/mol/s,3,,
10^3CFU/ml,3,,
cmH2O,3,,
10E-2*1/s,3,,
10^3CFU/mg,3,,
10'7CFU/ml,3,,
10^-8/s,3,,
nM/mgM,3,,
nM/ml.min,3,,
10'10CFU,3,,
Mequiv,3,,
mg/dl.hr,3,,
ug.hr2/L,2,,
dpm dl-1,2,,
dpm (mg of protein)-1,2,,
dyn/mg,2,,
pmol·min/mg,2,,
10'-3deltaA/s,2,,
relative signal,2,,
dpm/ml,2,,
10'9CFU,2,,
(umol/L).min,2,,
mg rat-1,2,,
10'-3umol/min/U,2,,
10'-3cm/s,2,,
10'-3nmol/min,2,,
10^8(p/s/cm^2/sr)/(uW/cm^2),2,,
ug.hr/L,2,,
10E3/mm3,2,,
10'-3mol/mol,2,,
mgAi,2,,
10'-4 uM/s,2,,
(ul of blood) (2ml BALF)-1,2,,
100uM,2,,
mg/hr/dl,2,,
mg/min/dl,2,,
10'-3microL,2,,
10'9PFU,2,,
rat,2,,
mg/hr,2,,
range,2,,
mg.hr/L,2,,
mg/ml/hr,2,,
10^-1/min,2,,
10'-4/min.mol%'-4,2,,
dg/ml,2,,
10^-10m2/s,2,,
ppm/g/hr,2,,
pmol/min/ml,2,,
pmol/microM,2,,
10^-3/nM/min,2,,
10'-2M,2,,
ug min g-1,2,,
10'-11M,2,,
10^3/s,2,,
hr.hr.ng/g,2,,
l/hr,2,,
l/hr.kg,2,,
10'-11 ug/ml,2,,
1/M MIC,2,,
1/(M*min),2,,
10^1/M,2,,
10^10No_unit,2,,
0-tIdc,2,,
10^-8nmol,2,,
10^-8mol,2,,
uU ml-1,2,,
10^-6nmol,2,,
0-infinity,2,,
ha2,2,,
hr.ng/L,2,,
l min-1,2,,
0-10,2,,
uM.h/dose,2,,
10^2kJ/mol,2,,
10^2pg/ml,2,,
hr2.ug/g,2,,
1/minute,2,,
1/M1/S,2,,
1/nM.1/min,2,,
hr/L/kg,2,,
uM.h/L,2,,
kiloU/hr,2,,
10^2 ug/ml,2,,
kcal/mol.K,2,,
uM-1 min**-2,2,,
10^14L/mol/s,2,,
10^3/Ms,2,,
uM*h*kg/mg,2,,
kg/kg,2,,
mCi animal-1,2,,
10^-6/nM/s,2,,
10^-1M,2,,
uL/(min.pmol),2,,
10^-4cm/hr,2,,
10^4cm2/sec,2,,
g-1,2,,
10'9/s,2,,
/abs/min,2,,
10^-3/uM/min,2,,
10^5/g,2,,
ug h ml-1 kg-1,2,,
10'-2/Ms,2,,
10^5/mm3,2,,
10^-20No_unit,2,,
fM mg-1 protein,2,,
fM mg-1 day-1,2,,
mg kg-1 b.i.d.,2,,
/ 5,2,,
mg kg-1 diet,2,,
/mM.s,2,,
mU min dl-1,2,,
/us,2,,
10'-1mol/L,2,,
mL/min.umol,2,,
10^3pg/ml,2,,
gAi/L,2,,
g/mol,2,,
10'-1microM,2,,
10^3ug/ml,2,,
/mol.dm'3,2,,
uM day-1,2,,
10'-2 ug/cm2,2,,
10^-5M/min,2,,
ug .hr/g,2,,
10^4/s/M,2,,
10^-5/nM/min,2,,
ug brain-1,2,,
/min/uL,2,,
g/cm3,2,,
10'-4L/min,2,,
microg/dm2,2,,
10^8M,2,,
10'2/M/min,2,,
nmol/ml.hr,2,,
10'-6cm,2,,
nM hr-1 ml-1,2,,
nM kg,2,,
10'2/ml,2,,
10'2/Ms,2,,
10'2 uM/s,2,,
10'-6/hr,2,,
nmol/min*mg of protein,2,,
10'-6m/s,2,,
10'-6mM/min,2,,
umol.min,2,,
Pi,2,,
No. of mice tumor free,2,,
nM hr-1 kg-1,2,,
(degrees C)-1,2,,
pM equiv kg-1 6hr-1,2,,
U (g of tissue)-1,2,,
mmHg.day,2,,
U M-1 s-1,2,,
mmol/L.min,2,,
L/1.73 m2,2,,
10'3pM,2,,
ul ml-1,2,,
mol/dm3,2,,
10'2CFU/ml,2,,
mol/min/L,2,,
pEC50,2,,
10'2mol/L,2,,
10'-5g,2,,
10'-5m3/mol,2,,
obs,2,,
10'-6mol/min/ug,2,,
nM/mg of dry wt,2,,
%ID/cm3,2,,
L.h/kg,2,,
Kcal/kg/hr,2,,
10'1/M/s,2,,
10'-8 /no of units.cm'3,2,,
L (min mg)-1,2,,
10'-9mol/cm2,2,,
10'-9mol/L,2,,
L/min.mmol,2,,
Gy/MBq,2,,
10'-9No_unit,2,,
L.hr/kg,2,,
ng/mL.hr^2,2,,
L/kg/hr,2,,
L/hr/mg,2,,
10'-9/min,2,,
ngequiv.hr/ml/mg,2,,
M min-1 kg-1,2,,
KJ/(mol.K),2,,
10'1/s,2,,
ng min,2,,
10'-7cpm/min,2,,
10'-7cm2/sec,2,,
ng mL-1,2,,
nmol ofpHB/min/mgof protein,2,,
ng hr ml-1,2,,
Me-3,2,,
ng h/ mL,2,,
10'-7/M/s,2,,
nanometer,2,,
umol/l.min,2,,
umol/kg/h,2,,
nmol/cm2/hr,2,,
pM assay-1 hr-1,2,,
kHz,2,,
10'-5M/min,2,,
(nmol.h.L-1)/(mg/kg),2,,
cps/ml,2,,
10'-5/s/uM,2,,
cpm/min,2,,
10^9CFU,2,,
ug/uL,2,,
abs/uL,2,,
10'7/s/microM,2,,
10'6Lmol,2,,
14 day,2,,
10^9No_unit,2,,
10e-3mm,2,,
(ml of NaOH) min-1,2,,
10'6uM,2,,
cm/hr,2,,
min/ml/hr,2,,
10'-5/min,2,,
cm/day,2,,
ug/min/cm2,2,,
10'7/M.s,2,,
10'-5/RU/s,2,,
pg 5ul-1,2,,
ug/embryo,2,,
abs/hr,2,,
10'8nM,2,,
(null),2,,
10'9/g,2,,
microM.hr'2,2,,
(pM of product) min-1 (mg of protein)-1,2,,
10'-4abs/s,2,,
CC/OC,2,,
ugequiv.hr/ml,2,,
pmol/(min.ug),2,,
10'5PFU,2,,
microM.hr,2,,
day-1,2,,
U s-1,2,,
pmol.min,2,,
1/M1/s,1,,
ug/m2/day,1,,
uN h kg/mg,1,,
10^7L/mol,1,,
weight,1,,
Monkey,1,,
0-tldc,1,,
10e-6ul-1,1,,
10e4min-1,1,,
10^7CFU/g,1,,
hkg,1,,
HB g ml-1,1,,
10^2CFU/ml,1,,
10^3/mM/s,1,,
hr.nmol/L,1,,
10^7No_unit,1,,
KB 7d-1,1,,
umol/min/nmol,1,,
uM/hr/Kg/mg,1,,
%ID/mg/ml,1,,
cyh,1,,
10^9/M/min,1,,
IU/ml/hr,1,,
deltaOD/hr,1,,
M-2,1,,
MST,1,,
10^9CFU/ml,1,,
L.h.Kg-1,1,,
ug/hr.ml,1,,
Na2,1,,
Ei,1,,
10^3kJ/mol,1,,
/10^6mm3,1,,
(mg/kg)/(microg/ml)/hr,1,,
ug equiv ml-1,1,,
10^8CFU/ml,1,,
10^4nM,1,,
Clp,1,,
dyn.s.cm'-5.10'4,1,,
10^5/min/M,1,,
AUD30min,1,,
U/min/ml,1,,
g 5mice-1 5days-1,1,,
/10^3mm3,1,,
48h,1,,
10^5CFU,1,,
Ci/mmol,1,,
ug min/mL,1,,
10^5PFU/g,1,,
ug kg-1 min-1,1,,
CPP/GLY,1,,
10^6/100microL,1,,
ug m-1 min-1,1,,
fM bound (mg of protein)-1,1,,
U g-1,1,,
U/ml/min,1,,
(m equiv [Na+]) kg-1,1,,
deltalog10/ml,1,,
10^7/M.s,1,,
Osm/kg,1,,
PbU,1,,
10^7CFU,1,,
%mg,1,,
10^6/g,1,,
E^1%,1,,
ug ul-1,1,,
(ml/min)/kg,1,,
diameter mm,1,,
E^-1%,1,,
10^6uM,1,,
(m equiv [Na+]) 5hr-1 kg-1,1,,
*10e-3,1,,
ug animal-1,1,,
10^4CFU/mg,1,,
ug cm**-2 hr-1,1,,
SBP,1,,
DIUR,1,,
10^4CFU/ml,1,,
/min.uM,1,,
um3.um2/day,1,,
(equiv of [H+]) 2hr-1,1,,
(m equiv) 6hr-1 kg-1,1,,
ng/hr.ml,1,,
10^2/M/min,1,,
10'5/mol,1,,
10'-5/min.mol%'-4,1,,
ml min-1 mg-1,1,,
ml/cm,1,,
10'-5/s/nM,1,,
10'5mol/L,1,,
10'-51No_unit,1,,
10'-53No_unit,1,,
ml/min/10^6cells,1,,
10'-5L/min,1,,
ml/min/umol,1,,
10'5/min/M,1,,
10'6PFU,1,,
10'4pg/ml,1,,
10'4cal/mol,1,,
mmol.h/L,1,,
pM 0.5hr-1,1,,
10'3mol/dm3/s,1,,
10'3mmol/min/mg,1,,
pKa,1,,
10'2umol/kg,1,,
10'2pg/ml,1,,
10'-5min,1,,
10'6/nM/min,1,,
10'6log10CFU/ml,1,,
10'-5nmol,1,,
10'7/mol,1,,
10'-4microL,1,,
10'7M/s,1,,
10'7L/mol,1,,
pg/ug,1,,
pg/uL,1,,
10'-4min,1,,
10'7/s/M,1,,
10'7/s,1,,
10'-4ppm,1,,
10'-4umol/L,1,,
pg/dl,1,,
pM/mg/hr,1,,
10'7/Ms,1,,
pg.hr/ml,1,,
min.g/L,1,,
10'7(1/Ms),1,,
pg kg-1,1,,
10'-5/hr,1,,
pcm s-1,1,,
pM/min/ml,1,,
pM/min/mg,1,,
pM/mg/minute,1,,
10'-5ml/s/g,1,,
10'2L/mol,1,,
micromol/dl,1,,
10'-7mol/s,1,,
10'10M,1,,
10'10/s,1,,
10'-7/nM/min,1,,
ng hr g-1,1,,
nmol of pHB/min/mg of protein,1,,
ng kg-1,1,,
ng ml kg-1,1,,
ngequiv/ml/mg,1,,
10'1/mol/s,1,,
10'-7mol/kg,1,,
ng.h-1.ml-1,1,,
10'10uM,1,,
10'1 ug/ml,1,,
10'-8M/s,1,,
ng/min/kg,1,,
ng/min/dl,1,,
10'-9cm/s,1,,
10'-9L/mol,1,,
ng/10^6 cells,1,,
ng/10^6 cells in 4 h,1,,
10'-8cpm/min,1,,
10'-9/M,1,,
10'10PFU,1,,
10'11/M,1,,
number of dead animals,1,,
10'14/M/s,1,,
nM 3s-1 (mg of protein)-1,1,,
nM animal-1,1,,
10'27No_unit,1,,
10'22mM,1,,
10'20 uM,1,,
10'-6/nM/s,1,,
10'-6No_unit,1,,
10'-6deltaA/s,1,,
10'1mol/dm3/s,1,,
10'16 uM,1,,
10'13nM,1,,
nmol/cm2/s,1,,
10'-6microg/cm2,1,,
10'13/mol/s,1,,
10'12L/mol.s,1,,
10'11min,1,,
10'11mM,1,,
nM/10e6,1,,
nM/L.hr,1,,
10'11L/mol.s,1,,
10'-6mol/s,1,,
10'-6pmol,1,,
10'7PFU/ml,1,,
10'7U/min,1,,
1/mg.1/kg.1/day,1,,
10^-5/min,1,,
mL/min/1.73 m2,1,,
10'-18No_unit,1,,
10^-5mg/ml,1,,
10^-5cm/hr,1,,
uM ear-1,1,,
uM Pi/min/mg protein,1,,
10^-5L/mol,1,,
10^-52M,1,,
mM/L,1,,
mM/hr,1,,
10'-1umol/L,1,,
mCi/M,1,,
mN,1,,
10^-5 ug/ml,1,,
mOD/minute,1,,
10'-2(1/s),1,,
10^-4mg/ml,1,,
10^-4/nM/s,1,,
10'-2/nM/min,1,,
10'-2/s/M,1,,
10'-29M,1,,
10^-3micromol/ml,1,,
mL.min,1,,
10^-6cm/min,1,,
10^-3M,1,,
l/h,1,,
kJ/cm2,1,,
uM.hr/L,1,,
kT/e,1,,
10'-1/M/s,1,,
kg,1,,
10^14/M/s,1,,
10'-10L/mol,1,,
10'-10No_unit,1,,
10^1/mm2,1,,
10'-10s,1,,
10'-11/M,1,,
10^-6cm2/s,1,,
lL/min/million,1,,
log-2,1,,
10'-11uM,1,,
10^-9/min,1,,
10'-12/min,1,,
log10pfu/g,1,,
10^-8/M/s,1,,
uM kg-1 s.c.,1,,
10'-13mol,1,,
10^-6m/s,1,,
uL/hr,1,,
10'-2No_unit,1,,
pmg kg-1 day-1,1,,
mg/hr/kg,1,,
10'-3ml/s/g,1,,
mg.hr,1,,
mg.ml-1,1,,
10^-1(1/Ms),1,,
10E6/mm3,1,,
ppfu mg-1,1,,
po,1,,
pnM,1,,
10'-3nmol,1,,
mg/gof liver,1,,
mg/kg/microM.hrs,1,,
mg-1 kg-1,1,,
pmol/min/U,1,,
10'9CFU/ml,1,,
10'-4L/M,1,,
10'-4M/min,1,,
10'9/ml,1,,
10'8PFU,1,,
10'8M,1,,
10'8Lmol,1,,
10'-4g,1,,
10'7uM,1,,
10'-3microM,1,,
10^-11/min,1,,
10'-2g,1,,
10^-2/Ms,1,,
ng/cm2/h,1,,
mg L-1,1,,
10'-2mg/ml,1,,
10'-2microL,1,,
10'-2mol%,1,,
uCi/ml,1,,
10^-3/M,1,,
mg g-1 day-1,1,,
10^-2M,1,,
10'-2umol/min/U,1,,
10^-2/M/s,1,,
sigma pi,1,,
10'-3 ug/cm2,1,,
mg kg-1 day-1 b.i.d.,1,,
10'-3No_unit,1,,
turns 5min-1,1,,
10^-17M,1,,
10^-15M,1,,
10^-12/min,1,,
t/2,1,,
10^-11M,1,,
sites cell-1,1,,
mmol/dm3,1,,
